"['010124', 'Blackpool v Lincoln']",bet placed at ,1.61,minute ,8.0
"['010124', 'Blackpool v Lincoln']",Exit position at minute 30.0 at level odds 1.25 - profit =,-0.288,1.61,minute =,8
"['010124', 'Bristol City v Millwall']",bet placed at ,2.396833333333333,minute ,8.0
"['010124', 'Bristol City v Millwall']",Exit position at minute 15.0 at level odds 2.36 - profit =,-0.0156,2.396833333333333,minute =,8
"['010124', 'Middlesbrough v Coventry']",bet placed at ,2.2938333333333327,minute ,16.0
"['010124', 'Middlesbrough v Coventry']",Exit position at minute 24.0 at level odds 2.22 - profit =,-0.0333,2.2938333333333327,minute =,16
"['010124', 'Portsmouth v Stevenage']",bet placed at ,2.159333333333333,minute ,8.0
"['010124', 'Portsmouth v Stevenage']",Exit position at minute 17.0 at level odds 1.43 - profit =,-0.51,2.159333333333333,minute =,8
"['010124', 'Reading v Exeter']",bet placed at ,1.8448333333333333,minute ,8.0
"['010124', 'Reading v Exeter']",Exit position at minute 12.0 on home goal at odds 1.33 - profit =,-0.3871,1.8448333333333333,minute =,8
Odds spread: ,"['010124', 'Reading v Exeter']",12.0,12.5
"['010124', 'Sunderland v Preston']",bet placed at ,1.8026666666666666,minute ,6.0
"['010124', 'Sunderland v Preston']",Exit position at minute 15.0 at level odds 1.31 - profit =,-0.3761,1.8026666666666666,minute =,6
"['020124', 'AC Milan v Cagliari']",bet placed at ,1.7886666666666666,minute ,6.0
"['020124', 'AC Milan v Cagliari']",Exit position at minute 15.0 at level odds 1.74 - profit =,-0.028,1.7886666666666666,minute =,6
"['020224', 'Karlsruhe v Wehen Wiesbaden']",bet placed at ,1.8366666666666667,minute ,6.0
"['020224', 'Karlsruhe v Wehen Wiesbaden']",Exit position at minute 19.0 at level odds 1.98 - profit =,0.0724,1.8366666666666667,minute =,6
"['020224', 'Nigeria v Angola']",bet placed at ,1.5838333333333334,minute ,6.0
"['020224', 'Nigeria v Angola']",Exit position at minute 15.0 at level odds 1.55 - profit =,-0.0218,1.5838333333333334,minute =,6
"['020923', 'Augsburg v Bochum']",bet placed at ,2.337333333333333,minute ,8.0
"['020923', 'Augsburg v Bochum']",Exit position at minute 15.0 at level odds 2.4 - profit =,0.0261,2.337333333333333,minute =,8
"['020923', 'Betis v Rayo Vallecano']",bet placed at ,2.2645,minute ,12.0
"['020923', 'Betis v Rayo Vallecano']",Exit position at halftime 45.0 on breakeven number - profit = ,0.1735,Bet placed at =,2.2645,minute =,12
"['020923', 'Betis v Rayo Vallecano']",bet placed at ,2.317333333333333,minute ,16.0
"['020923', 'Betis v Rayo Vallecano']",Exit position at halftime 45.0 on breakeven number - profit = ,0.1543,Bet placed at =,2.317333333333333,minute =,16
"['020923', 'Betis v Rayo Vallecano']",bet placed at ,2.355333333333333,minute ,20.0
"['020923', 'Betis v Rayo Vallecano']",Exit position at halftime 45.0 on breakeven number - profit = ,0.1404,Bet placed at =,2.355333333333333,minute =,20
"['020923', 'Charlton v Fleetwood Town']",bet placed at ,2.118,minute ,6.0
"['020923', 'Charlton v Fleetwood Town']",Exit position at minute 19.0 on away goal at odds 3.8 - profit =,0.4426,2.118,minute =,6
Odds spread: ,"['020923', 'Charlton v Fleetwood Town']",2.0,2.06
"['020923', 'FC Cincinnati v Orlando City']",bet placed at ,1.8928333333333334,minute ,6.0
"['020923', 'FC Cincinnati v Orlando City']",Exit position at minute 10.0 on away goal at odds 1.94 - profit =,0.0243,1.8928333333333334,minute =,6
Odds spread: ,"['020923', 'FC Cincinnati v Orlando City']",4.4,4.5
"['020923', 'Kaiserslautern v Nurnberg']",bet placed at ,2.2551666666666668,minute ,6.0
"['020923', 'Kaiserslautern v Nurnberg']",Exit position at minute 22.0 on home goal at odds 1.51 - profit =,-0.4935,2.2551666666666668,minute =,6
Odds spread: ,"['020923', 'Kaiserslautern v Nurnberg']",7.6,7.8
"['020923', 'LA Galaxy v Houston Dynamo']",bet placed at ,2.313166666666666,minute ,20.0
"['020923', 'LA Galaxy v Houston Dynamo']",Exit position at minute 24.0 at level odds 2.3 - profit =,-0.0057,2.313166666666666,minute =,20
"['020923', 'Leicester v Hull']",bet placed at ,1.5936666666666668,minute ,6.0
"['020923', 'Leicester v Hull']",Exit position at minute 15.0 at level odds 2.58 - profit =,0.3823,1.5936666666666668,minute =,6
"['020923', 'Nashville SC v Charlotte FC']",bet placed at ,2.0893333333333333,minute ,20.0
"['020923', 'Nashville SC v Charlotte FC']",Exit position at minute 27.0 at level odds 2.16 - profit =,0.0327,2.0893333333333333,minute =,20
"['020923', 'New York City v Vancouver Whitecaps']",bet placed at ,2.053,minute ,20.0
"['020923', 'New York City v Vancouver Whitecaps']",Exit position at minute 24.0 at level odds 2.04 - profit =,-0.0064,2.053,minute =,20
"['020923', 'Portsmouth v Peterborough']",bet placed at ,2.255,minute ,6.0
"['020923', 'Portsmouth v Peterborough']",Exit position at minute 15.0 at level odds 2.18 - profit =,-0.0344,2.255,minute =,6
"['020923', 'Real Salt Lake v Colorado']",bet placed at ,1.7491666666666668,minute ,16.0
"['020923', 'Real Salt Lake v Colorado']",Exit position at minute 20.0 at level odds 1.28 - profit =,-0.3665,1.7491666666666668,minute =,16
"['020923', 'Stuttgart v Freiburg']",bet placed at ,2.461333333333333,minute ,6.0
"['020923', 'Stuttgart v Freiburg']",Exit position at minute 15.0 at level odds 1.6 - profit =,-0.5383,2.461333333333333,minute =,6
"['021123', 'Sao Paulo v Cruzeiro MG']",bet placed at ,2.1358333333333333,minute ,6.0
"['021123', 'Sao Paulo v Cruzeiro MG']",Exit position at minute 15.0 at level odds 2.17 - profit =,0.0157,2.1358333333333333,minute =,6
"['021223', 'AC Milan v Frosinone']",bet placed at ,1.5563333333333333,minute ,6.0
"['021223', 'AC Milan v Frosinone']",Exit position at minute 15.0 at level odds 1.55 - profit =,-0.0041,1.5563333333333333,minute =,6
"['021223', 'Atletico MG v Sao Paulo']",bet placed at ,1.8045,minute ,16.0
"['021223', 'Atletico MG v Sao Paulo']",Exit position at minute 26.0 at level odds 1.97 - profit =,0.084,1.8045,minute =,16
"['021223', 'FC Magdeburg v Kaiserslautern']",bet placed at ,2.1333333333333333,minute ,6.0
"['021223', 'FC Magdeburg v Kaiserslautern']",Exit position at minute 17.0 at level odds 1.49 - profit =,-0.4318,2.1333333333333333,minute =,6
"['021223', 'Genoa v Empoli']",bet placed at ,2.1573333333333333,minute ,6.0
"['021223', 'Genoa v Empoli']",Exit position at minute 20.0 at level odds 2.2 - profit =,0.0194,2.1573333333333333,minute =,6
"['021223', 'Lens v Lyon']",bet placed at ,1.8445,minute ,6.0
"['021223', 'Lens v Lyon']",Exit position at minute 27.0 at level odds 1.9 - profit =,0.0292,1.8445,minute =,6
"['021223', 'Mgladbach v Hoffenheim']",bet placed at ,2.2936666666666663,minute ,10.0
"['021223', 'Mgladbach v Hoffenheim']",Exit position at minute 32.0 at level odds 2.78 - profit =,0.1749,2.2936666666666663,minute =,10
"['021223', 'Newport County v Barnet']",bet placed at ,2.4616666666666664,minute ,8.0
"['021223', 'Newport County v Barnet']",Exit position at minute 27.0 at level odds 2.76 - profit =,0.1081,2.4616666666666664,minute =,8
"['021223', 'Stevenage v Port Vale']",bet placed at ,2.0266666666666664,minute ,12.0
"['021223', 'Stevenage v Port Vale']",Exit position at minute 16.0 at level odds 2.08 - profit =,0.0256,2.0266666666666664,minute =,12
"['030224', 'Blackburn v QPR']",bet placed at ,2.110333333333333,minute ,20.0
"['030224', 'Blackburn v QPR']",Exit position at minute 25.0 at level odds 2.14 - profit =,0.0139,2.110333333333333,minute =,20
"['030224', 'Girona v Real Sociedad']",bet placed at ,2.147,minute ,8.0
"['030224', 'Girona v Real Sociedad']",Exit position at minute 30.0 at level odds 2.26 - profit =,0.05,2.147,minute =,8
"['030224', 'Oxford Utd v Reading']",bet placed at ,2.2303333333333333,minute ,6.0
"['030224', 'Oxford Utd v Reading']",Exit position at minute 15.0 at level odds 2.2 - profit =,-0.0138,2.2303333333333333,minute =,6
"['030224', 'Peterborough v Wigan']",bet placed at ,1.6706666666666665,minute ,6.0
"['030224', 'Peterborough v Wigan']",Exit position at minute 15.0 at level odds 1.64 - profit =,-0.0187,1.6706666666666665,minute =,6
"['030224', 'Ross Co v St Johnstone']",bet placed at ,2.427666666666666,minute ,6.0
"['030224', 'Ross Co v St Johnstone']",Exit position at minute 15.0 at level odds 2.54 - profit =,0.0442,2.427666666666666,minute =,6
"['030224', 'Schalke 04 v Braunschweig']",bet placed at ,2.0276666666666663,minute ,6.0
"['030224', 'Schalke 04 v Braunschweig']",Exit position at minute 15.0 at level odds 2.16 - profit =,0.0613,2.0276666666666663,minute =,6
"['030224', 'Valencia v Almeria']",bet placed at ,1.8443333333333334,minute ,6.0
"['030224', 'Valencia v Almeria']",Exit position at minute 15.0 at level odds 1.34 - profit =,-0.3764,1.8443333333333334,minute =,6
"['030923', 'Aberdeen v Hibernian']",bet placed at ,2.4836666666666662,minute ,8.0
"['030923', 'Aberdeen v Hibernian']",Exit position at minute 15.0 at level odds 2.52 - profit =,0.0144,2.4836666666666662,minute =,8
"['030923', 'Eintracht Frankfurt v FC Koln']",bet placed at ,2.396333333333333,minute ,10.0
"['030923', 'Eintracht Frankfurt v FC Koln']",Exit position at minute 19.0 at level odds 2.36 - profit =,-0.0154,2.396333333333333,minute =,10
"['030923', 'Girona v Las Palmas']",bet placed at ,1.8958333333333333,minute ,6.0
"['030923', 'Girona v Las Palmas']",Exit position at minute 18.0 at level odds 1.91 - profit =,0.0074,1.8958333333333333,minute =,6
"['030923', 'Greuther Furth v Hannover']",bet placed at ,2.1823333333333332,minute ,6.0
"['030923', 'Greuther Furth v Hannover']",Exit position at minute 17.0 on away goal at odds 4.5 - profit =,0.515,2.1823333333333332,minute =,6
Odds spread: ,"['030923', 'Greuther Furth v Hannover']",1.91,1.92
"['030923', 'Hearts v Motherwell']",bet placed at ,1.8268333333333333,minute ,6.0
"['030923', 'Hearts v Motherwell']",Exit position at minute 15.0 at level odds 1.99 - profit =,0.082,1.8268333333333333,minute =,6
"['030923', 'Torino v Genoa']",bet placed at ,2.1171666666666664,minute ,10.0
"['030923', 'Torino v Genoa']",Exit position at minute 15.0 at level odds 2.22 - profit =,0.0463,2.1171666666666664,minute =,10
"['031123', 'Leicester v Leeds']",bet placed at ,2.3486666666666665,minute ,6.0
"['031123', 'Leicester v Leeds']",Exit position at minute 15.0 at level odds 2.3 - profit =,-0.0212,2.3486666666666665,minute =,6
"['031223', 'Botafogo v Cruzeiro MG']",bet placed at ,2.153,minute ,8.0
"['031223', 'Botafogo v Cruzeiro MG']",Exit position at minute 20.0 at level odds 2.22 - profit =,0.0302,2.153,minute =,8
"['031223', 'Bristol City v Norwich']",bet placed at ,2.426333333333333,minute ,6.0
"['031223', 'Bristol City v Norwich']",Exit position at minute 29.0 at level odds 2.74 - profit =,0.1145,2.426333333333333,minute =,6
"['031223', 'Brondby v Hvidovre']",bet placed at ,1.2625,minute ,6.0
"['031223', 'Brondby v Hvidovre']",Exit position at minute 15.0 at level odds 1.1 - profit =,-0.1477,1.2625,minute =,6
"['031223', 'Chelsea v Brighton']",bet placed at ,1.7223333333333333,minute ,6.0
"['031223', 'Chelsea v Brighton']",Exit position at minute 15.0 at level odds 1.76 - profit =,0.0214,1.7223333333333333,minute =,6
"['031223', 'Chesterfield v Leyton Orient']",bet placed at ,2.417333333333333,minute ,20.0
"['031223', 'Chesterfield v Leyton Orient']",Exit position at minute 24.0 at level odds 2.46 - profit =,0.0173,2.417333333333333,minute =,20
"['031223', 'Hibernian v Aberdeen']",bet placed at ,2.46,minute ,8.0
"['031223', 'Hibernian v Aberdeen']",Exit position at minute 15.0 at level odds 2.58 - profit =,0.0465,2.46,minute =,8
"['031223', 'Lille v Metz']",bet placed at ,1.524,minute ,8.0
"['031223', 'Lille v Metz']",Exit position at minute 15.0 at level odds 1.54 - profit =,0.0104,1.524,minute =,8
"['031223', 'Marseille v Rennes']",bet placed at ,2.0486666666666666,minute ,6.0
"['031223', 'Marseille v Rennes']",Exit position at minute 15.0 at level odds 1.45 - profit =,-0.4129,2.0486666666666666,minute =,6
"['031223', 'SE Palmeiras v Fluminense']",bet placed at ,1.373,minute ,8.0
"['031223', 'SE Palmeiras v Fluminense']",Exit position at minute 19.0 at level odds 1.47 - profit =,0.066,1.373,minute =,8
"['031223', 'Sevilla v Villarreal']",bet placed at ,2.0475,minute ,8.0
"['031223', 'Sevilla v Villarreal']",Exit position at minute 19.0 at level odds 2.2 - profit =,0.0693,2.0475,minute =,8
"['031223', 'Toulouse v Lorient']",bet placed at ,2.1376666666666666,minute ,8.0
"['031223', 'Toulouse v Lorient']",Exit position at minute 16.0 at level odds 2.12 - profit =,-0.0083,2.1376666666666666,minute =,8
"['031223', 'Udinese v Verona']",bet placed at ,1.9273333333333333,minute ,6.0
"['031223', 'Udinese v Verona']",Exit position at minute 18.0 at level odds 1.34 - profit =,-0.4383,1.9273333333333333,minute =,6
"['031223', 'West Ham v Crystal Palace']",bet placed at ,2.029,minute ,6.0
"['031223', 'West Ham v Crystal Palace']",Exit position at minute 19.0 at level odds 1.41 - profit =,-0.439,2.029,minute =,6
"['040124', 'Osasuna v Almeria']",bet placed at ,1.9026666666666665,minute ,16.0
"['040124', 'Osasuna v Almeria']",Exit position at minute 21.0 at level odds 1.87 - profit =,-0.0175,1.9026666666666665,minute =,16
"['040224', 'Osasuna v Celta Vigo']",bet placed at ,2.313166666666666,minute ,16.0
"['040224', 'Osasuna v Celta Vigo']",Exit position at minute 20.0 at level odds 2.32 - profit =,0.0029,2.313166666666666,minute =,16
"['040224', 'Real Madrid v Atletico Madrid']",bet placed at ,1.8223333333333334,minute ,8.0
"['040224', 'Real Madrid v Atletico Madrid']",Exit position at minute 15.0 at level odds 1.87 - profit =,0.0255,1.8223333333333334,minute =,8
"['041223', 'Celta Vigo v Cadiz']",bet placed at ,1.6606666666666665,minute ,6.0
"['041223', 'Celta Vigo v Cadiz']",Exit position at minute 16.0 at level odds 2.57 - profit =,0.3538,1.6606666666666665,minute =,6
"['050124', 'Bologna v Genoa']",bet placed at ,2.4721666666666664,minute ,16.0
"['050124', 'Bologna v Genoa']",Exit position at minute 21.0 at level odds 5.26 - profit =,0.53,2.4721666666666664,minute =,16
"['051123', 'Kansas City v St Louis City SC']",bet placed at ,1.8371666666666668,minute ,6.0
"['051123', 'Kansas City v St Louis City SC']",Exit position at minute 25.0 at level odds 2.58 - profit =,0.2879,1.8371666666666668,minute =,6
"['060124', 'Hull v Birmingham']",bet placed at ,2.493333333333333,minute ,16.0
"['060124', 'Hull v Birmingham']",Exit position at minute 20.0 on away goal at odds 4.7 - profit =,0.4695,2.493333333333333,minute =,16
Odds spread: ,"['060124', 'Hull v Birmingham']",1.82,1.84
"['060124', 'Lecce v Cagliari']",bet placed at ,2.444833333333333,minute ,10.0
"['060124', 'Lecce v Cagliari']",Exit position at minute 15.0 at level odds 2.58 - profit =,0.0524,2.444833333333333,minute =,10
"['060124', 'Port Vale v Charlton']",bet placed at ,2.4616666666666664,minute ,10.0
"['060124', 'Port Vale v Charlton']",Exit position at minute 21.0 at level odds 2.54 - profit =,0.0308,2.4616666666666664,minute =,10
"['061123', 'Frosinone v Empoli']",bet placed at ,2.361333333333333,minute ,8.0
"['061123', 'Frosinone v Empoli']",Exit position at minute 18.0 at level odds 2.14 - profit =,-0.1034,2.361333333333333,minute =,8
"['061123', 'Getafe v Cadiz']",bet placed at ,2.204333333333333,minute ,10.0
"['061123', 'Getafe v Cadiz']",Exit position at minute 23.0 at level odds 2.56 - profit =,0.1389,2.204333333333333,minute =,10
"['061123', 'Norrkoping v Varbergs BoIS']",bet placed at ,1.6173333333333335,minute ,12.0
"['061123', 'Norrkoping v Varbergs BoIS']",Exit position at minute 34.0 at level odds 1.93 - profit =,0.162,1.6173333333333335,minute =,12
"['061123', 'Santos v Cuiaba']",bet placed at ,2.0296666666666665,minute ,20.0
"['061123', 'Santos v Cuiaba']",Exit position at minute 24.0 at level odds 2.09 - profit =,0.0289,2.0296666666666665,minute =,20
"['061223', 'Fiorentina v Parma']",bet placed at ,1.5801666666666667,minute ,8.0
"['061223', 'Fiorentina v Parma']",Exit position at minute 24.0 at level odds 5.5 - profit =,0.7127,1.5801666666666667,minute =,8
"['061223', 'Fluminense v Gremio']",bet placed at ,2.2641666666666667,minute ,12.0
"['061223', 'Fluminense v Gremio']",Exit position at minute 22.0 at level odds 2.2 - profit =,-0.0292,2.2641666666666667,minute =,12
"['061223', 'Hertha Berlin v Hamburger SV']",bet placed at ,2.4486666666666665,minute ,16.0
"['061223', 'Hertha Berlin v Hamburger SV']",Exit position at minute 20.0 at level odds 2.6 - profit =,0.0582,2.4486666666666665,minute =,16
"['061223', 'Vasco da Gama v Bragantino SP']",bet placed at ,2.3101666666666665,minute ,12.0
"['061223', 'Vasco da Gama v Bragantino SP']",Exit position at minute 16.0 at level odds 2.34 - profit =,0.0127,2.3101666666666665,minute =,12
"['070124', 'Le Havre v Caen']",bet placed at ,1.8473333333333335,minute ,6.0
"['070124', 'Le Havre v Caen']",Exit position at minute 18.0 at level odds 1.3 - profit =,-0.421,1.8473333333333335,minute =,6
"['070224', 'Aston Villa v Chelsea']",bet placed at ,2.1333333333333333,minute ,8.0
"['070224', 'Aston Villa v Chelsea']",Exit position at halftime 45.0 on breakeven number - profit = ,0.8578,Bet placed at =,2.1333333333333333,minute =,8
"['070224', 'Aston Villa v Chelsea']",bet placed at ,2.1799999999999997,minute ,10.0
"['070224', 'Aston Villa v Chelsea']",Exit position at halftime 45.0 on breakeven number - profit = ,0.8547,Bet placed at =,2.1799999999999997,minute =,10
"['070224', 'Ivory Coast v DR Congo']",bet placed at ,2.333333333333333,minute ,8.0
"['070224', 'Ivory Coast v DR Congo']",Exit position at minute 12.0 on away goal at odds 2.36 - profit =,0.0113,2.333333333333333,minute =,8
Odds spread: ,"['070224', 'Ivory Coast v DR Congo']",4.5,4.6
"['070224', 'Kilmarnock v Livingston']",bet placed at ,1.6643333333333332,minute ,6.0
"['070224', 'Kilmarnock v Livingston']",Exit position at minute 15.0 at level odds 1.72 - profit =,0.0324,1.6643333333333332,minute =,6
"['070224', 'Mainz v Union Berlin']",bet placed at ,2.2511666666666668,minute ,6.0
"['070224', 'Mainz v Union Berlin']",Exit position at minute 16.0 at level odds 2.24 - profit =,-0.005,2.2511666666666668,minute =,6
"['070224', 'St Mirren v Dundee']",bet placed at ,2.474333333333333,minute ,8.0
"['070224', 'St Mirren v Dundee']",Exit position at minute 15.0 at level odds 2.52 - profit =,0.0181,2.474333333333333,minute =,8
"['070224', 'Strasbourg v Le Havre']",bet placed at ,1.8783333333333334,minute ,6.0
"['070224', 'Strasbourg v Le Havre']",Exit position at minute 17.0 at level odds 1.87 - profit =,-0.0045,1.8783333333333334,minute =,6
"['071223', 'Brest v Strasbourg']",bet placed at ,1.9906666666666666,minute ,6.0
"['071223', 'Brest v Strasbourg']",Exit position at minute 15.0 at level odds 2.0 - profit =,0.0047,1.9906666666666666,minute =,6
"['081123', 'America MG v Coritiba']",bet placed at ,1.8310000000000002,minute ,6.0
"['081123', 'America MG v Coritiba']",Exit position at minute 15.0 at level odds 1.89 - profit =,0.0312,1.8310000000000002,minute =,6
"['081123', 'Athletico-PR v Fortaleza EC']",bet placed at ,2.348,minute ,6.0
"['081123', 'Athletico-PR v Fortaleza EC']",Exit position at minute 17.0 at level odds 2.48 - profit =,0.0532,2.348,minute =,6
"['081123', 'New England v Philadelphia']",bet placed at ,2.1796666666666664,minute ,6.0
"['081123', 'New England v Philadelphia']",Exit position at minute 15.0 at level odds 2.22 - profit =,0.0182,2.1796666666666664,minute =,6
"['081223', 'Columbus v Los Angeles FC']",bet placed at ,2.4241666666666664,minute ,16.0
"['081223', 'Columbus v Los Angeles FC']",Exit position at minute 21.0 at level odds 2.34 - profit =,-0.036,2.4241666666666664,minute =,16
"['081223', 'Coventry v Birmingham']",bet placed at ,1.8608333333333333,minute ,10.0
"['081223', 'Coventry v Birmingham']",Exit position at minute 19.0 at level odds 1.84 - profit =,-0.0113,1.8608333333333333,minute =,10
"['081223', 'Hannover v Karlsruhe']",bet placed at ,2.2861666666666665,minute ,6.0
"['081223', 'Hannover v Karlsruhe']",Exit position at minute 23.0 at level odds 3.95 - profit =,0.4212,2.2861666666666665,minute =,6
"['081223', 'Hoffenheim v Bochum']",bet placed at ,1.888,minute ,8.0
"['081223', 'Hoffenheim v Bochum']",Exit position at minute 23.0 at level odds 2.02 - profit =,0.0653,1.888,minute =,8
"['081223', 'Wehen Wiesbaden v Braunschweig']",bet placed at ,2.417833333333333,minute ,16.0
"['081223', 'Wehen Wiesbaden v Braunschweig']",Exit position at minute 21.0 on home goal at odds 1.45 - profit =,-0.6675,2.417833333333333,minute =,16
Odds spread: ,"['081223', 'Wehen Wiesbaden v Braunschweig']",9.4,9.6
"['090224', 'Dortmund v Freiburg']",bet placed at ,1.5426666666666666,minute ,6.0
"['090224', 'Dortmund v Freiburg']",Exit position at minute 17.0 at level odds 1.25 - profit =,-0.2341,1.5426666666666666,minute =,6
"['090224', 'Hamburger SV v Hannover']",bet placed at ,1.8471666666666666,minute ,6.0
"['090224', 'Hamburger SV v Hannover']",Exit position at minute 23.0 at level odds 6.6 - profit =,0.7201,1.8471666666666666,minute =,6
"['090224', 'Wehen Wiesbaden v Nurnberg']",bet placed at ,2.0788333333333333,minute ,6.0
"['090224', 'Wehen Wiesbaden v Nurnberg']",Exit position at minute 22.0 at level odds 2.34 - profit =,0.1116,2.0788333333333333,minute =,6
"['090923', 'Exeter v Leyton Orient']",bet placed at ,2.1413333333333333,minute ,6.0
"['090923', 'Exeter v Leyton Orient']",Exit position at halftime 45.0 on breakeven number - profit = ,0.2814,Bet placed at =,2.1413333333333333,minute =,6
"['090923', 'Exeter v Leyton Orient']",bet placed at ,2.155333333333333,minute ,8.0
"['090923', 'Exeter v Leyton Orient']",Exit position at halftime 45.0 on breakeven number - profit = ,0.2767,Bet placed at =,2.155333333333333,minute =,8
"['090923', 'Exeter v Leyton Orient']",bet placed at ,2.285166666666666,minute ,12.0
"['090923', 'Exeter v Leyton Orient']",Exit position at halftime 45.0 on breakeven number - profit = ,0.2332,Bet placed at =,2.285166666666666,minute =,12
"['090923', 'Romania v Israel']",bet placed at ,2.303833333333333,minute ,6.0
"['090923', 'Romania v Israel']",Exit position at minute 33.0 at level odds 1.52 - profit =,-0.5157,2.303833333333333,minute =,6
"['091123', 'Bahia v Cuiaba']",bet placed at ,2.030333333333333,minute ,10.0
"['091123', 'Bahia v Cuiaba']",Exit position at minute 15.0 at level odds 2.2 - profit =,0.0771,2.030333333333333,minute =,10
"['100224', 'Alaves v Villarreal']",bet placed at ,2.4179999999999997,minute ,6.0
"['100224', 'Alaves v Villarreal']",Exit position at minute 19.0 at level odds 2.46 - profit =,0.0171,2.4179999999999997,minute =,6
"['100224', 'Barnsley v Leyton Orient']",bet placed at ,2.400333333333333,minute ,8.0
"['100224', 'Barnsley v Leyton Orient']",Exit position at minute 13.0 on away goal at odds 4.5 - profit =,0.4666,2.400333333333333,minute =,8
Odds spread: ,"['100224', 'Barnsley v Leyton Orient']",1.89,1.9
"['100224', 'Bristol Rovers v Burton Albion']",bet placed at ,1.7263333333333333,minute ,6.0
"['100224', 'Bristol Rovers v Burton Albion']",Exit position at minute 29.0 at level odds 2.04 - profit =,0.1538,1.7263333333333333,minute =,6
"['100224', 'Derby v Shrewsbury']",bet placed at ,1.5393333333333334,minute ,8.0
"['100224', 'Derby v Shrewsbury']",Exit position at minute 15.0 at level odds 1.61 - profit =,0.0439,1.5393333333333334,minute =,8
"['100224', 'Eintracht Frankfurt v Bochum']",bet placed at ,1.9038333333333333,minute ,6.0
"['100224', 'Eintracht Frankfurt v Bochum']",Exit position at minute 17.0 on away goal at odds 2.06 - profit =,0.0758,1.9038333333333333,minute =,6
Odds spread: ,"['100224', 'Eintracht Frankfurt v Bochum']",4.4,4.6
"['100224', 'Hull v Swansea']",bet placed at ,1.83,minute ,6.0
"['100224', 'Hull v Swansea']",Exit position at minute 23.0 at level odds 3.35 - profit =,0.4537,1.83,minute =,6
"['100224', 'Ipswich v West Brom']",bet placed at ,2.1456666666666666,minute ,8.0
"['100224', 'Ipswich v West Brom']",Exit position at minute 15.0 at level odds 2.1 - profit =,-0.0217,2.1456666666666666,minute =,8
"['100224', 'Lincoln v Fleetwood Town']",bet placed at ,2.17,minute ,8.0
"['100224', 'Lincoln v Fleetwood Town']",Exit position at minute 15.0 at level odds 2.1 - profit =,-0.0333,2.17,minute =,8
"['100224', 'Luton v Sheff Utd']",bet placed at ,1.8238333333333334,minute ,6.0
"['100224', 'Luton v Sheff Utd']",Exit position at minute 15.0 at level odds 1.85 - profit =,0.0141,1.8238333333333334,minute =,6
"['100224', 'Middlesbrough v Bristol City']",bet placed at ,1.8946666666666665,minute ,6.0
"['100224', 'Middlesbrough v Bristol City']",Exit position at minute 15.0 at level odds 1.98 - profit =,0.0431,1.8946666666666665,minute =,6
"['100224', 'Reading v Charlton']",bet placed at ,2.360333333333333,minute ,6.0
"['100224', 'Reading v Charlton']",Exit position at minute 18.0 at level odds 2.4 - profit =,0.0165,2.360333333333333,minute =,6
"['100224', 'Union Berlin v Wolfsburg']",bet placed at ,2.4909999999999997,minute ,6.0
"['100224', 'Union Berlin v Wolfsburg']",Exit position at minute 26.0 at level odds 2.74 - profit =,0.0909,2.4909999999999997,minute =,6
"['100224', 'Werder Bremen v FC Heidenheim']",bet placed at ,1.9371666666666667,minute ,6.0
"['100224', 'Werder Bremen v FC Heidenheim']",Exit position at minute 18.0 on away goal at odds 8.0 - profit =,0.7579,1.9371666666666667,minute =,6
Odds spread: ,"['100224', 'Werder Bremen v FC Heidenheim']",1.41,1.45
"['100224', 'Wolves v Brentford']",bet placed at ,2.4246666666666665,minute ,6.0
"['100224', 'Wolves v Brentford']",Exit position at minute 16.0 at level odds 2.5 - profit =,0.0301,2.4246666666666665,minute =,6
"['101223', 'Fulham v West Ham']",bet placed at ,2.3296666666666663,minute ,6.0
"['101223', 'Fulham v West Ham']",Exit position at minute 24.0 at level odds 1.51 - profit =,-0.5428,2.3296666666666663,minute =,6
"['111123', 'Blackburn v Preston']",bet placed at ,2.2223333333333333,minute ,6.0
"['111123', 'Blackburn v Preston']",Exit position at minute 15.0 at level odds 2.14 - profit =,-0.0385,2.2223333333333333,minute =,6
"['111123', 'Hertha Berlin v Karlsruhe']",bet placed at ,1.9863333333333333,minute ,8.0
"['111123', 'Hertha Berlin v Karlsruhe']",Exit position at minute 12.0 on away goal at odds 3.23 - profit =,0.385,1.9863333333333333,minute =,8
Odds spread: ,"['111123', 'Hertha Berlin v Karlsruhe']",2.2,2.23
"['111123', 'Houston Dynamo v Real Salt Lake']",bet placed at ,1.7473333333333334,minute ,12.0
"['111123', 'Houston Dynamo v Real Salt Lake']",Exit position at minute 21.0 at level odds 1.83 - profit =,0.0452,1.7473333333333334,minute =,12
"['111123', 'Osasuna v Las Palmas']",bet placed at ,2.094333333333333,minute ,8.0
"['111123', 'Osasuna v Las Palmas']",Exit position at minute 19.0 at level odds 2.09 - profit =,-0.0021,2.094333333333333,minute =,8
"['120124', 'Burnley v Luton']",bet placed at ,2.336833333333333,minute ,10.0
"['120124', 'Burnley v Luton']",Exit position at minute 37.0 at level odds 1.57 - profit =,-0.4884,2.336833333333333,minute =,10
"['121123', 'AGF v Viborg']",bet placed at ,2.2791666666666663,minute ,8.0
"['121123', 'AGF v Viborg']",Exit position at minute 37.0 at level odds 2.76 - profit =,0.1742,2.2791666666666663,minute =,8
"['121123', 'AIK v Varnamo']",bet placed at ,1.809,minute ,16.0
"['121123', 'AIK v Varnamo']",Exit position at minute 20.0 at level odds 1.09 - profit =,-0.6596,1.809,minute =,16
"['121123', 'Atletico MG v Goias']",bet placed at ,1.6804999999999999,minute ,8.0
"['121123', 'Atletico MG v Goias']",Exit position at minute 18.0 at level odds 1.78 - profit =,0.0559,1.6804999999999999,minute =,8
"['121123', 'Bahia v Athletico-PR']",bet placed at ,2.4071666666666665,minute ,16.0
"['121123', 'Bahia v Athletico-PR']",Exit position at minute 20.0 at level odds 2.44 - profit =,0.0135,2.4071666666666665,minute =,16
"['121123', 'Brommapojkarna v Hacken']",bet placed at ,2.369333333333333,minute ,20.0
"['121123', 'Brommapojkarna v Hacken']",Exit position at minute 30.0 at level odds 2.36 - profit =,-0.004,2.369333333333333,minute =,20
"['121123', 'FC Copenhagen v Brondby']",bet placed at ,2.1576666666666666,minute ,12.0
"['121123', 'FC Copenhagen v Brondby']",Exit position at minute 16.0 at level odds 2.22 - profit =,0.0281,2.1576666666666666,minute =,12
"['121123', 'Lens v Marseille']",bet placed at ,2.3961666666666663,minute ,8.0
"['121123', 'Lens v Marseille']",Exit position at minute 15.0 at level odds 2.4 - profit =,0.0016,2.3961666666666663,minute =,8
"['121123', 'Lille v Toulouse']",bet placed at ,1.7316666666666667,minute ,12.0
"['121123', 'Lille v Toulouse']",Exit position at minute 17.0 at level odds 1.75 - profit =,0.0105,1.7316666666666667,minute =,12
"['121123', 'Malmo FF v Elfsborg']",bet placed at ,1.8176666666666668,minute ,10.0
"['121123', 'Malmo FF v Elfsborg']",Exit position at minute 15.0 at level odds 1.84 - profit =,0.0121,1.8176666666666668,minute =,10
"['121123', 'Midtjylland v FC Nordsjaelland']",bet placed at ,2.363666666666666,minute ,16.0
"['121123', 'Midtjylland v FC Nordsjaelland']",Exit position at minute 20.0 at level odds 2.36 - profit =,-0.0016,2.363666666666666,minute =,16
"['121123', 'OB v Hvidovre']",bet placed at ,1.6925,minute ,12.0
"['121123', 'OB v Hvidovre']",Exit position at minute 24.0 at level odds 1.73 - profit =,0.0217,1.6925,minute =,12
"['121123', 'Sirius v Norrkoping']",bet placed at ,1.7175,minute ,10.0
"['121123', 'Sirius v Norrkoping']",Exit position at minute 15.0 at level odds 1.76 - profit =,0.0241,1.7175,minute =,10
"['121223', 'Blackburn v Bristol City']",bet placed at ,2.211333333333333,minute ,6.0
"['121223', 'Blackburn v Bristol City']",Exit position at minute 15.0 at level odds 2.3 - profit =,0.0386,2.211333333333333,minute =,6
"['121223', 'Inter v Real Sociedad']",bet placed at ,2.0731666666666664,minute ,8.0
"['121223', 'Inter v Real Sociedad']",Exit position at minute 25.0 at level odds 2.3 - profit =,0.0986,2.0731666666666664,minute =,8
"['121223', 'Stoke v Swansea']",bet placed at ,2.280833333333333,minute ,6.0
"['121223', 'Stoke v Swansea']",Exit position at minute 21.0 at level odds 2.32 - profit =,0.0169,2.280833333333333,minute =,6
"['130124', 'Athletic Bilbao v Real Sociedad']",bet placed at ,2.324333333333333,minute ,10.0
"['130124', 'Athletic Bilbao v Real Sociedad']",Exit position at minute 15.0 at level odds 2.39 - profit =,0.0275,2.324333333333333,minute =,10
"['130124', 'Betis v Granada']",bet placed at ,1.9103333333333332,minute ,10.0
"['130124', 'Betis v Granada']",Exit position at minute 15.0 at level odds 1.87 - profit =,-0.0216,1.9103333333333332,minute =,10
"['130124', 'FC Koln v FC Heidenheim']",bet placed at ,2.1476666666666664,minute ,6.0
"['130124', 'FC Koln v FC Heidenheim']",Exit position at minute 15.0 at level odds 2.16 - profit =,0.0057,2.1476666666666664,minute =,6
"['130124', 'Ipswich v Sunderland']",bet placed at ,2.1566666666666667,minute ,6.0
"['130124', 'Ipswich v Sunderland']",Exit position at minute 21.0 at level odds 2.22 - profit =,0.0285,2.1566666666666667,minute =,6
"['130124', 'Northampton v Wigan']",bet placed at ,2.3456666666666663,minute ,6.0
"['130124', 'Northampton v Wigan']",Exit position at minute 17.0 on home goal at odds 1.5 - profit =,-0.5638,2.3456666666666663,minute =,6
Odds spread: ,"['130124', 'Northampton v Wigan']",7.2,8.6
"['130224', 'Bolton v Wycombe']",bet placed at ,1.9488333333333332,minute ,10.0
"['130224', 'Bolton v Wycombe']",Exit position at minute 18.0 at level odds 1.94 - profit =,-0.0046,1.9488333333333332,minute =,10
"['130224', 'Oxford Utd v Wigan']",bet placed at ,2.05,minute ,6.0
"['130224', 'Oxford Utd v Wigan']",Exit position at minute 19.0 at level odds 2.18 - profit =,0.0596,2.05,minute =,6
"['130224', 'Portsmouth v Cambridge Utd']",bet placed at ,1.5075,minute ,6.0
"['130224', 'Portsmouth v Cambridge Utd']",Exit position at minute 15.0 at level odds 1.51 - profit =,0.0017,1.5075,minute =,6
"['140124', 'AC Milan v Roma']",bet placed at ,2.278333333333333,minute ,6.0
"['140124', 'AC Milan v Roma']",Exit position at minute 13.0 on home goal at odds 1.44 - profit =,-0.5822,2.278333333333333,minute =,6
Odds spread: ,"['140124', 'AC Milan v Roma']",10.0,10.5
"['140124', 'Bochum v Werder Bremen']",bet placed at ,2.4203333333333332,minute ,8.0
"['140124', 'Bochum v Werder Bremen']",Exit position at minute 22.0 at level odds 2.5 - profit =,0.0319,2.4203333333333332,minute =,8
"['140124', 'Fiorentina v Udinese']",bet placed at ,1.8238333333333334,minute ,8.0
"['140124', 'Fiorentina v Udinese']",Exit position at minute 22.0 at level odds 3.18 - profit =,0.4265,1.8238333333333334,minute =,8
"['140124', 'Lazio v Lecce']",bet placed at ,1.7308333333333332,minute ,12.0
"['140124', 'Lazio v Lecce']",Exit position at minute 27.0 at level odds 1.88 - profit =,0.0793,1.7308333333333332,minute =,12
"['140124', 'Nantes v Clermont']",bet placed at ,2.1321666666666665,minute ,12.0
"['140124', 'Nantes v Clermont']",Exit position at minute 16.0 at level odds 2.28 - profit =,0.0648,2.1321666666666665,minute =,12
"['140224', 'Stoke v QPR']",bet placed at ,2.431333333333333,minute ,8.0
"['140224', 'Stoke v QPR']",Exit position at minute 19.0 at level odds 2.56 - profit =,0.0503,2.431333333333333,minute =,8
"['160224', 'Torino v Lecce']",bet placed at ,2.040833333333333,minute ,12.0
"['160224', 'Torino v Lecce']",Exit position at minute 31.0 at level odds 2.23 - profit =,0.0848,2.040833333333333,minute =,12
"['161223', 'Barnsley v Charlton']",bet placed at ,2.0076666666666667,minute ,8.0
"['161223', 'Barnsley v Charlton']",Exit position at minute 15.0 at level odds 1.96 - profit =,-0.0243,2.0076666666666667,minute =,8
"['161223', 'Bolton v Bristol Rovers']",bet placed at ,1.8361666666666667,minute ,10.0
"['161223', 'Bolton v Bristol Rovers']",Exit position at minute 14.0 on away goal at odds 2.7 - profit =,0.3199,1.8361666666666667,minute =,10
Odds spread: ,"['161223', 'Bolton v Bristol Rovers']",2.7,2.74
"['161223', 'Holstein Kiel v Hannover']",bet placed at ,2.3818333333333332,minute ,16.0
"['161223', 'Holstein Kiel v Hannover']",Exit position at minute 26.0 at level odds 1.07 - profit =,-1.226,2.3818333333333332,minute =,16
"['161223', 'Newcastle v Fulham']",bet placed at ,2.103333333333333,minute ,16.0
"['161223', 'Newcastle v Fulham']",Exit position at minute 23.0 at level odds 1.47 - profit =,-0.4308,2.103333333333333,minute =,16
"['161223', 'Plymouth v Rotherham']",bet placed at ,1.8145,minute ,6.0
"['161223', 'Plymouth v Rotherham']",Exit position at minute 15.0 at level odds 1.74 - profit =,-0.0428,1.8145,minute =,6
"['161223', 'Ross Co v Dundee']",bet placed at ,2.3469999999999995,minute ,8.0
"['161223', 'Ross Co v Dundee']",Exit position at minute 15.0 at level odds 2.44 - profit =,0.0381,2.3469999999999995,minute =,8
"['161223', 'St Mirren v Motherwell']",bet placed at ,2.1943333333333332,minute ,8.0
"['161223', 'St Mirren v Motherwell']",Exit position at minute 21.0 at level odds 2.38 - profit =,0.078,2.1943333333333332,minute =,8
"['161223', 'Stevenage v Exeter']",bet placed at ,1.6246666666666667,minute ,6.0
"['161223', 'Stevenage v Exeter']",Exit position at minute 15.0 at level odds 1.64 - profit =,0.0093,1.6246666666666667,minute =,6
"['170224', 'Bolton v Charlton']",bet placed at ,1.94,minute ,8.0
"['170224', 'Bolton v Charlton']",Exit position at minute 21.0 at level odds 1.36 - profit =,-0.4265,1.94,minute =,8
"['170224', 'Cheltenham v Port Vale']",bet placed at ,2.0015,minute ,6.0
"['170224', 'Cheltenham v Port Vale']",Exit position at minute 15.0 at level odds 2.0 - profit =,-0.0008,2.0015,minute =,6
"['170224', 'Hearts v Motherwell']",bet placed at ,1.7876666666666667,minute ,8.0
"['170224', 'Hearts v Motherwell']",Exit position at minute 15.0 at level odds 1.8 - profit =,0.0069,1.7876666666666667,minute =,8
"['170224', 'Hoffenheim v Union Berlin']",bet placed at ,2.01,minute ,6.0
"['170224', 'Hoffenheim v Union Berlin']",Exit position at minute 15.0 at level odds 2.04 - profit =,0.0147,2.01,minute =,6
"['170224', 'Lille v Le Havre']",bet placed at ,1.6408333333333334,minute ,6.0
"['170224', 'Lille v Le Havre']",Exit position at minute 17.0 on home goal at odds 1.23 - profit =,-0.334,1.6408333333333334,minute =,6
Odds spread: ,"['170224', 'Lille v Le Havre']",19.5,21.0
"['170224', 'Lincoln v Exeter']",bet placed at ,2.313333333333333,minute ,10.0
"['170224', 'Lincoln v Exeter']",Exit position at minute 15.0 at level odds 2.34 - profit =,0.0114,2.313333333333333,minute =,10
"['170224', 'Newcastle v Bournemouth']",bet placed at ,2.058333333333333,minute ,6.0
"['170224', 'Newcastle v Bournemouth']",Exit position at minute 15.0 at level odds 2.1 - profit =,0.0198,2.058333333333333,minute =,6
"['170224', 'Portsmouth v Reading']",bet placed at ,1.6786666666666665,minute ,10.0
"['170224', 'Portsmouth v Reading']",Exit position at minute 31.0 at level odds 2.0 - profit =,0.1607,1.6786666666666665,minute =,10
"['170224', 'Schalke 04 v Wehen Wiesbaden']",bet placed at ,1.8605,minute ,6.0
"['170224', 'Schalke 04 v Wehen Wiesbaden']",Exit position at minute 31.0 at level odds 2.16 - profit =,0.1387,1.8605,minute =,6
"['170224', 'Tottenham v Wolves']",bet placed at ,1.6035000000000001,minute ,10.0
"['170224', 'Tottenham v Wolves']",Exit position at minute 17.0 at level odds 1.65 - profit =,0.0282,1.6035000000000001,minute =,10
"['170224', 'Wycombe v Oxford Utd']",bet placed at ,2.2436666666666665,minute ,8.0
"['170224', 'Wycombe v Oxford Utd']",Exit position at minute 17.0 at level odds 2.1 - profit =,-0.0684,2.2436666666666665,minute =,8
"['171223', 'Fiorentina v Verona']",bet placed at ,1.6804999999999999,minute ,8.0
"['171223', 'Fiorentina v Verona']",Exit position at minute 19.0 at level odds 1.77 - profit =,0.0506,1.6804999999999999,minute =,8
"['171223', 'Freiburg v FC Koln']",bet placed at ,2.05,minute ,8.0
"['171223', 'Freiburg v FC Koln']",Exit position at minute 24.0 at level odds 2.26 - profit =,0.0929,2.05,minute =,8
"['180224', 'Reims v Lens']",bet placed at ,2.466333333333333,minute ,6.0
"['180224', 'Reims v Lens']",Exit position at minute 13.0 on away goal at odds 2.61 - profit =,0.055,2.466333333333333,minute =,6
Odds spread: ,"['180224', 'Reims v Lens']",3.25,3.3
"['181123', 'Blackpool v Shrewsbury']",bet placed at ,1.659,minute ,6.0
"['181123', 'Blackpool v Shrewsbury']",Exit position at minute 15.0 at level odds 1.65 - profit =,-0.0055,1.659,minute =,6
"['181123', 'Fortaleza EC v Cruzeiro MG']",bet placed at ,2.101,minute ,6.0
"['181123', 'Fortaleza EC v Cruzeiro MG']",Exit position at minute 15.0 at level odds 2.18 - profit =,0.0362,2.101,minute =,6
"['190823', 'Barnsley v Oxford Utd']",bet placed at ,2.366333333333333,minute ,6.0
"['190823', 'Barnsley v Oxford Utd']",Exit position at minute 10.0 on away goal at odds 4.7 - profit =,0.4965,2.366333333333333,minute =,6
Odds spread: ,"['190823', 'Barnsley v Oxford Utd']",1.82,1.83
"['190823', 'Bolton v Wigan']",bet placed at ,1.9586666666666666,minute ,10.0
"['190823', 'Bolton v Wigan']",Exit position at minute 17.0 on away goal at odds 3.65 - profit =,0.4634,1.9586666666666666,minute =,10
Odds spread: ,"['190823', 'Bolton v Wigan']",2.16,2.22
"['190823', 'Dortmund v FC Koln']",bet placed at ,1.5836666666666668,minute ,6.0
"['190823', 'Dortmund v FC Koln']",Exit position at minute 15.0 at level odds 1.56 - profit =,-0.0152,1.5836666666666668,minute =,6
"['190823', 'Leicester v Cardiff']",bet placed at ,1.551,minute ,6.0
"['190823', 'Leicester v Cardiff']",Exit position at minute 15.0 at level odds 1.59 - profit =,0.0245,1.551,minute =,6
"['190823', 'Man City v Newcastle']",bet placed at ,2.0359999999999996,minute ,6.0
"['190823', 'Man City v Newcastle']",Exit position at minute 15.0 at level odds 1.88 - profit =,-0.083,2.0359999999999996,minute =,6
"['191123', 'Hungary v Montenegro']",bet placed at ,2.0334999999999996,minute ,8.0
"['191123', 'Hungary v Montenegro']",Exit position at minute 17.0 at level odds 1.9 - profit =,-0.0703,2.0334999999999996,minute =,8
"['191223', 'Napoli v Frosinone']",bet placed at ,1.539,minute ,6.0
"['191223', 'Napoli v Frosinone']",Exit position at minute 23.0 at level odds 1.65 - profit =,0.0673,1.539,minute =,6
"['200124', 'Algeria v Burkina Faso']",bet placed at ,2.168,minute ,8.0
"['200124', 'Algeria v Burkina Faso']",Exit position at minute 15.0 at level odds 2.12 - profit =,-0.0226,2.168,minute =,8
"['200124', 'Blackburn v Huddersfield']",bet placed at ,1.9055,minute ,6.0
"['200124', 'Blackburn v Huddersfield']",Exit position at minute 15.0 at level odds 1.36 - profit =,-0.4011,1.9055,minute =,6
"['200124', 'Bristol City v Watford']",bet placed at ,2.422333333333333,minute ,6.0
"['200124', 'Bristol City v Watford']",Exit position at minute 15.0 on away goal at odds 4.9 - profit =,0.5056,2.422333333333333,minute =,6
Odds spread: ,"['200124', 'Bristol City v Watford']",1.84,1.86
"['200124', 'Elversberg v Hannover']",bet placed at ,2.0966666666666667,minute ,6.0
"['200124', 'Elversberg v Hannover']",Exit position at minute 11.0 on away goal at odds 4.3 - profit =,0.5124,2.0966666666666667,minute =,6
Odds spread: ,"['200124', 'Elversberg v Hannover']",1.93,1.94
"['200124', 'Freiburg v Hoffenheim']",bet placed at ,2.138333333333333,minute ,12.0
"['200124', 'Freiburg v Hoffenheim']",Exit position at minute 22.0 at level odds 2.22 - profit =,0.0368,2.138333333333333,minute =,12
"['200124', 'Nurnberg v Hansa Rostock']",bet placed at ,1.9841666666666666,minute ,6.0
"['200124', 'Nurnberg v Hansa Rostock']",Exit position at minute 15.0 at level odds 1.38 - profit =,-0.4378,1.9841666666666666,minute =,6
"['200124', 'Villarreal v Mallorca']",bet placed at ,2.3789999999999996,minute ,12.0
"['200124', 'Villarreal v Mallorca']",Exit position at minute 19.0 at level odds 2.36 - profit =,-0.0081,2.3789999999999996,minute =,12
"['200224', 'Reading v Port Vale']",bet placed at ,2.0376666666666665,minute ,16.0
"['200224', 'Reading v Port Vale']",Exit position at minute 20.0 at level odds 2.06 - profit =,0.0108,2.0376666666666665,minute =,16
"['200823', 'Elfsborg v Mjallby']",bet placed at ,1.6311666666666667,minute ,8.0
"['200823', 'Elfsborg v Mjallby']",Exit position at minute 30.0 at level odds 1.88 - profit =,0.1324,1.6311666666666667,minute =,8
"['200823', 'Girona v Getafe']",bet placed at ,2.11,minute ,8.0
"['200823', 'Girona v Getafe']",Exit position at minute 15.0 on home goal at odds 1.36 - profit =,-0.5515,2.11,minute =,8
Odds spread: ,"['200823', 'Girona v Getafe']",13.5,14.5
"['200823', 'Midtjylland v Brondby']",bet placed at ,2.506,minute ,20.0
"['200823', 'Midtjylland v Brondby']",Exit position at halftime 45.0 on breakeven number - profit = ,0.1784,Bet placed at =,2.506,minute =,20
"['200823', 'Roma v Salernitana']",bet placed at ,1.6513333333333333,minute ,6.0
"['200823', 'Roma v Salernitana']",Exit position at minute 16.0 at level odds 1.66 - profit =,0.0052,1.6513333333333333,minute =,6
"['200823', 'VfL Osnabruck v Nurnberg']",bet placed at ,2.368333333333333,minute ,8.0
"['200823', 'VfL Osnabruck v Nurnberg']",Exit position at minute 19.0 at level odds 2.52 - profit =,0.0602,2.368333333333333,minute =,8
"['201223', 'Aberdeen v Livingston']",bet placed at ,1.8325,minute ,20.0
"['201223', 'Aberdeen v Livingston']",Exit position at minute 31.0 on away goal at odds 3.95 - profit =,0.5361,1.8325,minute =,20
Odds spread: ,"['201223', 'Aberdeen v Livingston']",2.2,2.24
"['201223', 'Eintracht Frankfurt v Mgladbach']",bet placed at ,1.879,minute ,6.0
"['201223', 'Eintracht Frankfurt v Mgladbach']",Exit position at minute 15.0 at level odds 1.89 - profit =,0.0058,1.879,minute =,6
"['201223', 'Liverpool v West Ham']",bet placed at ,1.6195000000000002,minute ,6.0
"['201223', 'Liverpool v West Ham']",Exit position at minute 15.0 at level odds 1.52 - profit =,-0.0655,1.6195000000000002,minute =,6
"['201223', 'Lyon v Nantes']",bet placed at ,2.0973333333333333,minute ,10.0
"['201223', 'Lyon v Nantes']",Exit position at minute 15.0 at level odds 2.18 - profit =,0.0379,2.0973333333333333,minute =,10
"['201223', 'Nice v Lens']",bet placed at ,2.4506666666666663,minute ,12.0
"['201223', 'Nice v Lens']",Exit position at minute 16.0 at level odds 2.36 - profit =,-0.0384,2.4506666666666663,minute =,12
"['210124', 'FC Magdeburg v Wehen Wiesbaden']",bet placed at ,1.7911666666666668,minute ,6.0
"['210124', 'FC Magdeburg v Wehen Wiesbaden']",Exit position at minute 17.0 at level odds 1.82 - profit =,0.0158,1.7911666666666668,minute =,6
"['210124', 'Girona v Sevilla']",bet placed at ,1.9801666666666666,minute ,6.0
"['210124', 'Girona v Sevilla']",Exit position at minute 16.0 on home goal at odds 1.4 - profit =,-0.4144,1.9801666666666666,minute =,6
Odds spread: ,"['210124', 'Girona v Sevilla']",9.26,9.54
"['210124', 'Mgladbach v Augsburg']",bet placed at ,1.9428333333333332,minute ,6.0
"['210124', 'Mgladbach v Augsburg']",Exit position at minute 32.0 at level odds 1.48 - profit =,-0.3127,1.9428333333333332,minute =,6
"['210124', 'Real Madrid v Almeria']",bet placed at ,1.3256666666666668,minute ,10.0
"['210124', 'Real Madrid v Almeria']",Exit position at minute 15.0 at level odds 1.43 - profit =,0.073,1.3256666666666668,minute =,10
"['210124', 'Rennes v Marseille']",bet placed at ,2.3789999999999996,minute ,6.0
"['210124', 'Rennes v Marseille']",Exit position at minute 15.0 at level odds 2.5 - profit =,0.0484,2.3789999999999996,minute =,6
"['210124', 'South Africa v Namibia']",bet placed at ,2.367833333333333,minute ,6.0
"['210124', 'South Africa v Namibia']",Exit position at minute 14.0 on home goal at odds 1.43 - profit =,-0.6558,2.367833333333333,minute =,6
Odds spread: ,"['210124', 'South Africa v Namibia']",10.5,11.5
"['211023', 'Blackburn v Cardiff']",bet placed at ,2.1796666666666664,minute ,10.0
"['211023', 'Blackburn v Cardiff']",Exit position at minute 17.0 at level odds 2.2 - profit =,0.0092,2.1796666666666664,minute =,10
"['211023', 'Charlton v Reading']",bet placed at ,2.13,minute ,16.0
"['211023', 'Charlton v Reading']",Exit position at minute 21.0 at level odds 2.12 - profit =,-0.0047,2.13,minute =,16
"['211023', 'Freiburg v Bochum']",bet placed at ,1.9004999999999999,minute ,10.0
"['211023', 'Freiburg v Bochum']",Exit position at minute 27.0 at level odds 2.02 - profit =,0.0592,1.9004999999999999,minute =,10
"['211023', 'New York City v Chicago Fire']",bet placed at ,1.6581666666666666,minute ,16.0
"['211023', 'New York City v Chicago Fire']",Exit position at minute 20.0 at level odds 1.68 - profit =,0.013,1.6581666666666666,minute =,16
"['211023', 'Peterborough v Wycombe']",bet placed at ,1.9196666666666666,minute ,6.0
"['211023', 'Peterborough v Wycombe']",Exit position at minute 15.0 at level odds 1.94 - profit =,0.0105,1.9196666666666666,minute =,6
"['211223', 'Mallorca v Osasuna']",bet placed at ,2.3614999999999995,minute ,6.0
"['211223', 'Mallorca v Osasuna']",Exit position at minute 10.0 on away goal at odds 5.0 - profit =,0.5277,2.3614999999999995,minute =,6
Odds spread: ,"['211223', 'Mallorca v Osasuna']",1.91,1.93
"['221023', 'Aston Villa v West Ham']",bet placed at ,2.054,minute ,6.0
"['221023', 'Aston Villa v West Ham']",Exit position at minute 18.0 at level odds 1.97 - profit =,-0.0426,2.054,minute =,6
"['221023', 'Atletico MG v Cruzeiro MG']",bet placed at ,2.0481666666666665,minute ,6.0
"['221023', 'Atletico MG v Cruzeiro MG']",Exit position at minute 19.0 at level odds 2.03 - profit =,-0.0089,2.0481666666666665,minute =,6
"['221023', 'Barcelona v Athletic Bilbao']",bet placed at ,2.069,minute ,10.0
"['221023', 'Barcelona v Athletic Bilbao']",Exit position at minute 17.0 at level odds 1.99 - profit =,-0.0397,2.069,minute =,10
"['221023', 'Bologna v Frosinone']",bet placed at ,1.9101666666666666,minute ,10.0
"['221023', 'Bologna v Frosinone']",Exit position at minute 15.0 at level odds 1.89 - profit =,-0.0107,1.9101666666666666,minute =,10
"['221023', 'Flamengo v Vasco da Gama']",bet placed at ,1.8856666666666666,minute ,8.0
"['221023', 'Flamengo v Vasco da Gama']",Exit position at minute 20.0 at level odds 2.02 - profit =,0.0665,1.8856666666666666,minute =,8
"['221023', 'Halmstads v Mjallby']",bet placed at ,2.363333333333333,minute ,8.0
"['221023', 'Halmstads v Mjallby']",Exit position at minute 15.0 at level odds 2.38 - profit =,0.007,2.363333333333333,minute =,8
"['221023', 'Lyon v Clermont']",bet placed at ,2.075333333333333,minute ,6.0
"['221023', 'Lyon v Clermont']",Exit position at minute 21.0 at level odds 3.3 - profit =,0.3711,2.075333333333333,minute =,6
"['221023', 'Roma v AC Monza']",bet placed at ,1.8848333333333334,minute ,12.0
"['221023', 'Roma v AC Monza']",Exit position at minute 16.0 at level odds 2.02 - profit =,0.0669,1.8848333333333334,minute =,12
"['221023', 'Villarreal v Alaves']",bet placed at ,2.2215,minute ,6.0
"['221023', 'Villarreal v Alaves']",Exit position at minute 36.0 at level odds 2.72 - profit =,0.1833,2.2215,minute =,6
"['231023', 'Udinese v Lecce']",bet placed at ,2.4066666666666663,minute ,6.0
"['231023', 'Udinese v Lecce']",Exit position at minute 22.0 at level odds 2.52 - profit =,0.045,2.4066666666666663,minute =,6
"['240224', 'Alaves v Mallorca']",bet placed at ,2.0669999999999997,minute ,12.0
"['240224', 'Alaves v Mallorca']",Exit position at minute 41.0 at level odds 2.63 - profit =,0.2141,2.0669999999999997,minute =,12
"['240224', 'Bristol Rovers v Carlisle']",bet placed at ,1.8513333333333335,minute ,6.0
"['240224', 'Bristol Rovers v Carlisle']",Exit position at minute 19.0 on away goal at odds 3.7 - profit =,0.4996,1.8513333333333335,minute =,6
Odds spread: ,"['240224', 'Bristol Rovers v Carlisle']",2.18,2.24
"['240224', 'Exeter v Fleetwood Town']",bet placed at ,2.298666666666666,minute ,8.0
"['240224', 'Exeter v Fleetwood Town']",Exit position at minute 15.0 at level odds 2.28 - profit =,-0.0082,2.298666666666666,minute =,8
"['240224', 'Houston Dynamo v Kansas City']",bet placed at ,2.306833333333333,minute ,8.0
"['240224', 'Houston Dynamo v Kansas City']",Exit position at minute 27.0 at level odds 2.68 - profit =,0.1392,2.306833333333333,minute =,8
"['240224', 'Los Angeles FC v Seattle Sounders']",bet placed at ,1.8216666666666668,minute ,12.0
"['240224', 'Los Angeles FC v Seattle Sounders']",Exit position at minute 23.0 at level odds 1.87 - profit =,0.0258,1.8216666666666668,minute =,12
"['240224', 'Man Utd v Fulham']",bet placed at ,1.8403333333333334,minute ,12.0
"['240224', 'Man Utd v Fulham']",Exit position at minute 36.0 at level odds 2.2 - profit =,0.1635,1.8403333333333334,minute =,12
"['240224', 'Middlesbrough v Plymouth']",bet placed at ,1.5321666666666667,minute ,6.0
"['240224', 'Middlesbrough v Plymouth']",Exit position at minute 10.0 on away goal at odds 2.26 - profit =,0.3221,1.5321666666666667,minute =,6
Odds spread: ,"['240224', 'Middlesbrough v Plymouth']",3.15,3.2
"['240224', 'Oxford Utd v Leyton Orient']",bet placed at ,2.4456666666666664,minute ,6.0
"['240224', 'Oxford Utd v Leyton Orient']",Exit position at minute 23.0 on home goal at odds 1.5 - profit =,-0.6304,2.4456666666666664,minute =,6
Odds spread: ,"['240224', 'Oxford Utd v Leyton Orient']",8.0,8.4
"['240224', 'QPR v Rotherham']",bet placed at ,1.7396666666666667,minute ,6.0
"['240224', 'QPR v Rotherham']",Exit position at minute 10.0 on away goal at odds 3.0 - profit =,0.4201,1.7396666666666667,minute =,6
Odds spread: ,"['240224', 'QPR v Rotherham']",2.62,2.66
"['240224', 'St Louis City SC v Real Salt Lake']",bet placed at ,2.2199999999999998,minute ,20.0
"['240224', 'St Louis City SC v Real Salt Lake']",Exit position at minute 35.0 at level odds 2.38 - profit =,0.0672,2.2199999999999998,minute =,20
"['240224', 'Stevenage v Wycombe']",bet placed at ,2.042333333333333,minute ,6.0
"['240224', 'Stevenage v Wycombe']",Exit position at minute 25.0 at level odds 1.36 - profit =,-0.5017,2.042333333333333,minute =,6
"['240224', 'Sunderland v Swansea']",bet placed at ,2.4149999999999996,minute ,6.0
"['240224', 'Sunderland v Swansea']",Exit position at minute 19.0 at level odds 4.9 - profit =,0.5071,2.4149999999999996,minute =,6
"['240224', 'Watford v Huddersfield']",bet placed at ,2.195,minute ,6.0
"['240224', 'Watford v Huddersfield']",Exit position at minute 28.0 at level odds 2.66 - profit =,0.1748,2.195,minute =,6
"['241023', 'Barnsley v Shrewsbury']",bet placed at ,1.8523333333333334,minute ,6.0
"['241023', 'Barnsley v Shrewsbury']",Exit position at minute 21.0 at level odds 1.28 - profit =,-0.4471,1.8523333333333334,minute =,6
"['241023', 'Dundee v Ross Co']",bet placed at ,2.2856666666666663,minute ,6.0
"['241023', 'Dundee v Ross Co']",Exit position at minute 15.0 at level odds 2.32 - profit =,0.0148,2.2856666666666663,minute =,6
"['241023', 'Leicester v Sunderland']",bet placed at ,1.6863333333333332,minute ,10.0
"['241023', 'Leicester v Sunderland']",Exit position at minute 17.0 at level odds 1.27 - profit =,-0.3278,1.6863333333333332,minute =,10
"['241123', 'Alaves v Granada']",bet placed at ,1.8143333333333334,minute ,8.0
"['241123', 'Alaves v Granada']",Exit position at minute 17.0 at level odds 1.31 - profit =,-0.385,1.8143333333333334,minute =,8
"['241123', 'Hannover v Hertha Berlin']",bet placed at ,2.304333333333333,minute ,12.0
"['241123', 'Hannover v Hertha Berlin']",Exit position at minute 28.0 at level odds 2.6 - profit =,0.1137,2.304333333333333,minute =,12
"['250224', 'FC Cincinnati v Toronto FC']",bet placed at ,1.8618333333333335,minute ,20.0
"['250224', 'FC Cincinnati v Toronto FC']",Exit position at minute 24.0 at level odds 2.04 - profit =,0.0873,1.8618333333333335,minute =,20
"['251023', 'Bragantino SP v Atletico MG']",bet placed at ,2.031333333333333,minute ,6.0
"['251023', 'Bragantino SP v Atletico MG']",Exit position at minute 16.0 at level odds 2.16 - profit =,0.0596,2.031333333333333,minute =,6
"['251023', 'Newcastle v Dortmund']",bet placed at ,1.7116666666666667,minute ,12.0
"['251023', 'Newcastle v Dortmund']",Exit position at minute 28.0 at level odds 1.91 - profit =,0.1038,1.7116666666666667,minute =,12
"['251023', 'Paris St-G v AC Milan']",bet placed at ,1.9773333333333334,minute ,20.0
"['251023', 'Paris St-G v AC Milan']",Exit position at minute 27.0 at level odds 2.1 - profit =,0.0584,1.9773333333333334,minute =,20
"['251023', 'Plymouth v Sheff Wed']",bet placed at ,2.400833333333333,minute ,6.0
"['251023', 'Plymouth v Sheff Wed']",Exit position at minute 43.0 at level odds 2.96 - profit =,0.1889,2.400833333333333,minute =,6
"['251123', 'Birmingham v Sheff Wed']",bet placed at ,2.390333333333333,minute ,6.0
"['251123', 'Birmingham v Sheff Wed']",Exit position at minute 22.0 at level odds 2.72 - profit =,0.1212,2.390333333333333,minute =,6
"['251123', 'Bolton v Exeter']",bet placed at ,1.5856666666666668,minute ,6.0
"['251123', 'Bolton v Exeter']",Exit position at minute 15.0 at level odds 1.6 - profit =,0.009,1.5856666666666668,minute =,6
"['251123', 'Dortmund v Mgladbach']",bet placed at ,1.6148333333333333,minute ,6.0
"['251123', 'Dortmund v Mgladbach']",Exit position at minute 15.0 on away goal at odds 2.32 - profit =,0.304,1.6148333333333333,minute =,6
Odds spread: ,"['251123', 'Dortmund v Mgladbach']",3.0,3.05
"['251123', 'Getafe v Almeria']",bet placed at ,1.8463333333333334,minute ,6.0
"['251123', 'Getafe v Almeria']",Exit position at minute 19.0 at level odds 3.35 - profit =,0.4489,1.8463333333333334,minute =,6
"['251123', 'Northampton v Cambridge Utd']",bet placed at ,2.284333333333333,minute ,8.0
"['251123', 'Northampton v Cambridge Utd']",Exit position at minute 25.0 at level odds 2.44 - profit =,0.0638,2.284333333333333,minute =,8
"['251123', 'Norwich v QPR']",bet placed at ,1.8458333333333334,minute ,6.0
"['251123', 'Norwich v QPR']",Exit position at minute 19.0 at level odds 2.08 - profit =,0.1126,1.8458333333333334,minute =,6
"['251123', 'Portsmouth v Blackpool']",bet placed at ,2.1866666666666665,minute ,6.0
"['251123', 'Portsmouth v Blackpool']",Exit position at minute 11.0 on away goal at odds 4.0 - profit =,0.4533,2.1866666666666665,minute =,6
Odds spread: ,"['251123', 'Portsmouth v Blackpool']",1.96,2.0
"['251123', 'Union Berlin v Augsburg']",bet placed at ,2.123333333333333,minute ,8.0
"['251123', 'Union Berlin v Augsburg']",Exit position at minute 15.0 at level odds 2.2 - profit =,0.0348,2.123333333333333,minute =,8
"['251123', 'Wycombe v Reading']",bet placed at ,2.240666666666667,minute ,8.0
"['251123', 'Wycombe v Reading']",Exit position at minute 22.0 at level odds 2.42 - profit =,0.0741,2.240666666666667,minute =,8
"['260823', 'Birmingham v Plymouth']",bet placed at ,2.03,minute ,6.0
"['260823', 'Birmingham v Plymouth']",Exit position at minute 15.0 at level odds 1.38 - profit =,-0.471,2.03,minute =,6
"['260823', 'Brentford v Crystal Palace']",bet placed at ,2.2626666666666666,minute ,6.0
"['260823', 'Brentford v Crystal Palace']",Exit position at minute 24.0 at level odds 1.42 - profit =,-0.5934,2.2626666666666666,minute =,6
"['260823', 'Bristol Rovers v Wycombe']",bet placed at ,2.3699999999999997,minute ,8.0
"['260823', 'Bristol Rovers v Wycombe']",Exit position at minute 19.0 at level odds 4.7 - profit =,0.4957,2.3699999999999997,minute =,8
"['260823', 'Cardiff v Sheff Wed']",bet placed at ,2.4299999999999997,minute ,16.0
"['260823', 'Cardiff v Sheff Wed']",Exit position at minute 23.0 at level odds 2.42 - profit =,-0.0041,2.4299999999999997,minute =,16
"['260823', 'Coventry v Sunderland']",bet placed at ,2.1426666666666665,minute ,8.0
"['260823', 'Coventry v Sunderland']",Exit position at minute 19.0 at level odds 2.2 - profit =,0.0261,2.1426666666666665,minute =,8
"['260823', 'Exeter v Reading']",bet placed at ,2.11,minute ,8.0
"['260823', 'Exeter v Reading']",Exit position at minute 15.0 at level odds 2.2 - profit =,0.0409,2.11,minute =,8
"['260823', 'FC Koln v Wolfsburg']",bet placed at ,2.2859999999999996,minute ,6.0
"['260823', 'FC Koln v Wolfsburg']",Exit position at minute 20.0 on away goal at odds 2.42 - profit =,0.0554,2.2859999999999996,minute =,6
Odds spread: ,"['260823', 'FC Koln v Wolfsburg']",3.45,3.5
"['260823', 'Hibernian v Livingston']",bet placed at ,1.9128333333333332,minute ,6.0
"['260823', 'Hibernian v Livingston']",Exit position at minute 11.0 on away goal at odds 3.45 - profit =,0.4456,1.9128333333333332,minute =,6
Odds spread: ,"['260823', 'Hibernian v Livingston']",2.3,2.32
"['261023', 'Fenerbahce v Ludogorets']",bet placed at ,1.4773333333333334,minute ,8.0
"['261023', 'Fenerbahce v Ludogorets']",Exit position at minute 33.0 at level odds 1.68 - profit =,0.1206,1.4773333333333334,minute =,8
"['261023', 'KF Ballkani v FC Astana']",bet placed at ,2.232,minute ,6.0
"['261023', 'KF Ballkani v FC Astana']",Exit position at minute 10.0 on home goal at odds 2.28 - profit =,0.0211,2.232,minute =,6
Odds spread: ,"['261023', 'KF Ballkani v FC Astana']",3.65,3.75
"['261123', 'Betis v Las Palmas']",bet placed at ,1.822,minute ,8.0
"['261123', 'Betis v Las Palmas']",Exit position at minute 15.0 at level odds 1.76 - profit =,-0.0352,1.822,minute =,8
"['261123', 'Hoffenheim v Mainz']",bet placed at ,1.9655,minute ,6.0
"['261123', 'Hoffenheim v Mainz']",Exit position at minute 17.0 at level odds 2.08 - profit =,0.055,1.9655,minute =,6
"['261123', 'Roma v Udinese']",bet placed at ,1.7738333333333334,minute ,8.0
"['261123', 'Roma v Udinese']",Exit position at minute 15.0 at level odds 1.73 - profit =,-0.0253,1.7738333333333334,minute =,8
"['261123', 'Villarreal v Osasuna']",bet placed at ,2.3489999999999998,minute ,8.0
"['261123', 'Villarreal v Osasuna']",Exit position at minute 22.0 at level odds 2.48 - profit =,0.0528,2.3489999999999998,minute =,8
"['270124', 'Angola v Namibia']",bet placed at ,2.451833333333333,minute ,6.0
"['270124', 'Angola v Namibia']",Exit position at minute 15.0 at level odds 2.46 - profit =,0.0033,2.451833333333333,minute =,6
"['270124', 'Barnsley v Exeter']",bet placed at ,1.7811666666666668,minute ,8.0
"['270124', 'Barnsley v Exeter']",Exit position at minute 33.0 on away goal at odds 11.5 - profit =,0.8451,1.7811666666666668,minute =,8
Odds spread: ,"['270124', 'Barnsley v Exeter']",1.32,1.34
"['270124', 'Derby v Cheltenham']",bet placed at ,1.6803333333333332,minute ,12.0
"['270124', 'Derby v Cheltenham']",Exit position at minute 16.0 at level odds 1.7 - profit =,0.0116,1.6803333333333332,minute =,12
"['270124', 'Everton v Luton']",bet placed at ,1.6878333333333333,minute ,6.0
"['270124', 'Everton v Luton']",Exit position at minute 15.0 at level odds 1.66 - profit =,-0.0168,1.6878333333333333,minute =,6
"['270124', 'Hearts v Aberdeen']",bet placed at ,2.25,minute ,10.0
"['270124', 'Hearts v Aberdeen']",Exit position at minute 18.0 at level odds 2.34 - profit =,0.0385,2.25,minute =,10
"['270124', 'Kilmarnock v Hibernian']",bet placed at ,2.3206666666666664,minute ,8.0
"['270124', 'Kilmarnock v Hibernian']",Exit position at minute 15.0 at level odds 2.38 - profit =,0.0249,2.3206666666666664,minute =,8
"['270124', 'Leicester v Birmingham']",bet placed at ,1.9989999999999999,minute ,20.0
"['270124', 'Leicester v Birmingham']",Exit position at minute 24.0 at level odds 2.06 - profit =,0.0296,1.9989999999999999,minute =,20
"['270124', 'Mallorca v Betis']",bet placed at ,2.5029999999999997,minute ,20.0
"['270124', 'Mallorca v Betis']",Exit position at minute 25.0 at level odds 2.52 - profit =,0.0067,2.5029999999999997,minute =,20
"['270124', 'Sunderland v Stoke']",bet placed at ,2.231,minute ,8.0
"['270124', 'Sunderland v Stoke']",Exit position at minute 18.0 at level odds 2.24 - profit =,0.004,2.231,minute =,8
"['270124', 'Wolfsburg v FC Koln']",bet placed at ,1.8025,minute ,6.0
"['270124', 'Wolfsburg v FC Koln']",Exit position at minute 16.0 at level odds 1.77 - profit =,-0.0184,1.8025,minute =,6
"['270124', 'Wycombe v Fleetwood Town']",bet placed at ,1.7633333333333334,minute ,8.0
"['270124', 'Wycombe v Fleetwood Town']",Exit position at minute 16.0 on away goal at odds 3.3 - profit =,0.4657,1.7633333333333334,minute =,8
Odds spread: ,"['270124', 'Wycombe v Fleetwood Town']",2.3,2.34
"['270224', 'Bournemouth v Leicester']",bet placed at ,1.612,minute ,6.0
"['270224', 'Bournemouth v Leicester']",Exit position at minute 15.0 at level odds 1.59 - profit =,-0.0138,1.612,minute =,6
"['270224', 'Wycombe v Cheltenham']",bet placed at ,2.2356666666666665,minute ,8.0
"['270224', 'Wycombe v Cheltenham']",Exit position at minute 15.0 at level odds 2.26 - profit =,0.0108,2.2356666666666665,minute =,8
"['270823', 'Juventus v Bologna']",bet placed at ,1.9913333333333334,minute ,20.0
"['270823', 'Juventus v Bologna']",Exit position at minute 37.0 at level odds 4.0 - profit =,0.5022,1.9913333333333334,minute =,20
"['270823', 'Karlsruhe v Braunschweig']",bet placed at ,2.049,minute ,20.0
"['270823', 'Karlsruhe v Braunschweig']",Exit position at minute 25.0 at level odds 1.39 - profit =,-0.4741,2.049,minute =,20
"['270823', 'Lazio v Genoa']",bet placed at ,2.017333333333333,minute ,6.0
"['270823', 'Lazio v Genoa']",Exit position at minute 15.0 at level odds 1.98 - profit =,-0.0189,2.017333333333333,minute =,6
"['270823', 'Minnesota Utd v Seattle Sounders']",bet placed at ,2.3281666666666663,minute ,10.0
"['270823', 'Minnesota Utd v Seattle Sounders']",Exit position at minute 15.0 at level odds 2.32 - profit =,-0.0035,2.3281666666666663,minute =,10
"['270823', 'St Pauli v FC Magdeburg']",bet placed at ,1.9766666666666666,minute ,6.0
"['270823', 'St Pauli v FC Magdeburg']",Exit position at minute 15.0 at level odds 2.02 - profit =,0.0215,1.9766666666666666,minute =,6
"['270823', 'Valencia v Osasuna']",bet placed at ,1.9453333333333334,minute ,6.0
"['270823', 'Valencia v Osasuna']",Exit position at minute 15.0 at level odds 1.95 - profit =,0.0024,1.9453333333333334,minute =,6
"['280124', 'QPR v Huddersfield']",bet placed at ,2.0555,minute ,6.0
"['280124', 'QPR v Huddersfield']",Exit position at minute 36.0 at level odds 2.52 - profit =,0.1843,2.0555,minute =,6
"['280124', 'Sevilla v Osasuna']",bet placed at ,2.2704999999999997,minute ,10.0
"['280124', 'Sevilla v Osasuna']",Exit position at minute 15.0 at level odds 2.27 - profit =,-0.0002,2.2704999999999997,minute =,10
"['280124', 'Union Berlin v SV Darmstadt']",bet placed at ,1.8828333333333334,minute ,8.0
"['280124', 'Union Berlin v SV Darmstadt']",Exit position at minute 18.0 at level odds 1.9 - profit =,0.009,1.8828333333333334,minute =,8
"['280823', 'AIK v Varbergs BoIS']",bet placed at ,1.4976666666666667,minute ,6.0
"['280823', 'AIK v Varbergs BoIS']",Exit position at minute 16.0 at level odds 1.47 - profit =,-0.0188,1.4976666666666667,minute =,6
"['280823', 'Elfsborg v Norrkoping']",bet placed at ,1.6311666666666667,minute ,6.0
"['280823', 'Elfsborg v Norrkoping']",Exit position at minute 13.0 on home goal at odds 1.26 - profit =,-0.2946,1.6311666666666667,minute =,6
Odds spread: ,"['280823', 'Elfsborg v Norrkoping']",14.88,15.5
"['281023', 'Lens v Nantes']",bet placed at ,1.6824999999999999,minute ,6.0
"['281023', 'Lens v Nantes']",Exit position at minute 22.0 at level odds 1.9 - profit =,0.1145,1.6824999999999999,minute =,6
"['281023', 'Philadelphia v New England']",bet placed at ,1.8471666666666668,minute ,12.0
"['281023', 'Philadelphia v New England']",Exit position at minute 20.0 on home goal at odds 1.33 - profit =,-0.3888,1.8471666666666668,minute =,12
Odds spread: ,"['281023', 'Philadelphia v New England']",12.0,13.0
"['281123', 'Barnsley v Wycombe']",bet placed at ,1.9358333333333333,minute ,8.0
"['281123', 'Barnsley v Wycombe']",Exit position at minute 15.0 at level odds 1.97 - profit =,0.0173,1.9358333333333333,minute =,8
"['281123', 'Bristol Rovers v Leyton Orient']",bet placed at ,2.235333333333333,minute ,6.0
"['281123', 'Bristol Rovers v Leyton Orient']",Exit position at minute 39.0 at level odds 2.76 - profit =,0.1901,2.235333333333333,minute =,6
"['281123', 'Charlton v Cheltenham']",bet placed at ,1.6608333333333332,minute ,6.0
"['281123', 'Charlton v Cheltenham']",Exit position at minute 19.0 on away goal at odds 1.69 - profit =,0.0173,1.6608333333333332,minute =,6
Odds spread: ,"['281123', 'Charlton v Cheltenham']",5.6,5.8
"['281123', 'Exeter v Shrewsbury']",bet placed at ,2.0346666666666664,minute ,6.0
"['281123', 'Exeter v Shrewsbury']",Exit position at minute 21.0 at level odds 2.16 - profit =,0.058,2.0346666666666664,minute =,6
"['281123', 'Middlesbrough v Preston']",bet placed at ,1.7916666666666667,minute ,6.0
"['281123', 'Middlesbrough v Preston']",Exit position at minute 19.0 on home goal at odds 1.31 - profit =,-0.3677,1.7916666666666667,minute =,6
Odds spread: ,"['281123', 'Middlesbrough v Preston']",14.5,15.0
"['281123', 'Reading v Carlisle']",bet placed at ,1.918,minute ,16.0
"['281123', 'Reading v Carlisle']",Exit position at minute 20.0 at level odds 1.97 - profit =,0.0264,1.918,minute =,16
"['281123', 'Young Boys v Crvena Zvezda']",bet placed at ,2.249,minute ,6.0
"['281123', 'Young Boys v Crvena Zvezda']",Exit position at minute 11.0 on home goal at odds 1.55 - profit =,-0.451,2.249,minute =,6
Odds spread: ,"['281123', 'Young Boys v Crvena Zvezda']",7.0,7.2
"['290823', 'Port Vale v Crewe']",bet placed at ,2.3189999999999995,minute ,6.0
"['290823', 'Port Vale v Crewe']",Exit position at minute 15.0 at level odds 2.14 - profit =,-0.0836,2.3189999999999995,minute =,6
"['290823', 'Wolves v Blackpool']",bet placed at ,1.3636666666666668,minute ,6.0
"['290823', 'Wolves v Blackpool']",Exit position at minute 15.0 at level odds 1.12 - profit =,-0.2176,1.3636666666666668,minute =,6
"['290823', 'Wycombe v Sutton Utd']",bet placed at ,1.8941666666666666,minute ,6.0
"['290823', 'Wycombe v Sutton Utd']",Exit position at minute 15.0 at level odds 1.9 - profit =,0.0031,1.8941666666666666,minute =,6
"['291223', 'Bristol Rovers v Charlton']",bet placed at ,2.1105,minute ,6.0
"['291223', 'Bristol Rovers v Charlton']",Exit position at minute 16.0 at level odds 2.18 - profit =,0.0319,2.1105,minute =,6
"['291223', 'Burton Albion v Shrewsbury']",bet placed at ,2.305333333333333,minute ,8.0
"['291223', 'Burton Albion v Shrewsbury']",Exit position at minute 17.0 at level odds 1.39 - profit =,-0.6585,2.305333333333333,minute =,8
"['291223', 'Fiorentina v Torino']",bet placed at ,2.4425,minute ,10.0
"['291223', 'Fiorentina v Torino']",Exit position at minute 22.0 at level odds 2.64 - profit =,0.0748,2.4425,minute =,10
"['291223', 'Hull v Blackburn']",bet placed at ,1.9715,minute ,10.0
"['291223', 'Hull v Blackburn']",Exit position at minute 16.0 at level odds 1.43 - profit =,-0.3787,1.9715,minute =,10
"['291223', 'Ipswich v QPR']",bet placed at ,1.7163333333333333,minute ,6.0
"['291223', 'Ipswich v QPR']",Exit position at minute 15.0 at level odds 1.78 - profit =,0.0358,1.7163333333333333,minute =,6
"['291223', 'Lincoln v Northampton']",bet placed at ,2.2106666666666666,minute ,12.0
"['291223', 'Lincoln v Northampton']",Exit position at minute 16.0 at level odds 2.22 - profit =,0.0042,2.2106666666666666,minute =,12
"['291223', 'Millwall v Norwich']",bet placed at ,2.4763333333333333,minute ,6.0
"['291223', 'Millwall v Norwich']",Exit position at minute 15.0 at level odds 2.54 - profit =,0.0251,2.4763333333333333,minute =,6
"['291223', 'Peterborough v Barnsley']",bet placed at ,2.0316666666666663,minute ,8.0
"['291223', 'Peterborough v Barnsley']",Exit position at minute 23.0 at level odds 3.7 - profit =,0.4509,2.0316666666666663,minute =,8
"['291223', 'Watford v Stoke']",bet placed at ,2.2116666666666664,minute ,8.0
"['291223', 'Watford v Stoke']",Exit position at minute 18.0 on home goal at odds 1.46 - profit =,-0.5148,2.2116666666666664,minute =,8
Odds spread: ,"['291223', 'Watford v Stoke']",8.8,9.2
"['300124', 'Aberdeen v Dundee']",bet placed at ,2.0366666666666666,minute ,10.0
"['300124', 'Aberdeen v Dundee']",Exit position at minute 19.0 at level odds 2.1 - profit =,0.0302,2.0366666666666666,minute =,10
"['300124', 'Aston Villa v Newcastle']",bet placed at ,2.0095,minute ,12.0
"['300124', 'Aston Villa v Newcastle']",Exit position at minute 24.0 at level odds 2.18 - profit =,0.0782,2.0095,minute =,12
"['300124', 'Coventry v Bristol City']",bet placed at ,1.9131666666666667,minute ,6.0
"['300124', 'Coventry v Bristol City']",Exit position at minute 15.0 at level odds 2.0 - profit =,0.0434,1.9131666666666667,minute =,6
"['300124', 'Livingston v Ross Co']",bet placed at ,2.4054999999999995,minute ,6.0
"['300124', 'Livingston v Ross Co']",Exit position at minute 15.0 at level odds 2.58 - profit =,0.0676,2.4054999999999995,minute =,6
"['300124', 'Morocco v South Africa']",bet placed at ,1.5875000000000001,minute ,6.0
"['300124', 'Morocco v South Africa']",Exit position at minute 15.0 at level odds 1.6 - profit =,0.0078,1.5875000000000001,minute =,6
"['300124', 'St Pauli v Fortuna Dusseldorf']",bet placed at ,1.9606666666666666,minute ,20.0
"['300124', 'St Pauli v Fortuna Dusseldorf']",Exit position at minute 25.0 at level odds 1.98 - profit =,0.0098,1.9606666666666666,minute =,20
"['300823', 'Inter Miami CF v Nashville SC']",bet placed at ,1.5971666666666668,minute ,10.0
"['300823', 'Inter Miami CF v Nashville SC']",Exit position at minute 20.0 at level odds 1.63 - profit =,0.0201,1.5971666666666668,minute =,10
"['300823', 'St Louis City SC v FC Dallas']",bet placed at ,2.058333333333333,minute ,8.0
"['300823', 'St Louis City SC v FC Dallas']",Exit position at minute 17.0 on home goal at odds 1.39 - profit =,-0.4808,2.058333333333333,minute =,8
Odds spread: ,"['300823', 'St Louis City SC v FC Dallas']",9.4,19.5
"['301123', 'Cruzeiro MG v Athletico-PR']",bet placed at ,2.1438333333333333,minute ,6.0
"['301123', 'Cruzeiro MG v Athletico-PR']",Exit position at minute 15.0 at level odds 2.04 - profit =,-0.0509,2.1438333333333333,minute =,6
"['301123', 'Eintracht Frankfurt v PAOK']",bet placed at ,1.5755000000000001,minute ,6.0
"['301123', 'Eintracht Frankfurt v PAOK']",Exit position at minute 15.0 at level odds 1.59 - profit =,0.0091,1.5755000000000001,minute =,6
"['301123', 'Villarreal v Panathinaikos']",bet placed at ,2.0324999999999998,minute ,16.0
"['301123', 'Villarreal v Panathinaikos']",Exit position at minute 28.0 at level odds 2.08 - profit =,0.0228,2.0324999999999998,minute =,16
"['301223', 'Cagliari v Empoli']",bet placed at ,2.3261666666666665,minute ,20.0
"['301223', 'Cagliari v Empoli']",Exit position at minute 25.0 at level odds 2.32 - profit =,-0.0027,2.3261666666666665,minute =,20
"['301223', 'Juventus v Roma']",bet placed at ,2.3338333333333328,minute ,6.0
"['301223', 'Juventus v Roma']",Exit position at minute 15.0 at level odds 2.38 - profit =,0.0194,2.3338333333333328,minute =,6
"['301223', 'Verona v Salernitana']",bet placed at ,2.0869999999999997,minute ,8.0
"['301223', 'Verona v Salernitana']",Exit position at minute 26.0 at level odds 2.45 - profit =,0.1482,2.0869999999999997,minute =,8
"['310124', 'Atletico Madrid v Rayo Vallecano']",bet placed at ,1.7253333333333334,minute ,6.0
"['310124', 'Atletico Madrid v Rayo Vallecano']",Exit position at minute 15.0 at level odds 1.75 - profit =,0.0141,1.7253333333333334,minute =,6
