Dundee vs Kilmarnock,1,2024-03-02 14:59:17.823242
Hibernian vs Ross County,1,2024-03-02 14:59:17.823743
Rangers vs Motherwell,1,2024-03-02 14:59:17.823743
St. Johnstone vs Livingston,1,2024-03-02 14:59:17.824244
St. Mirren vs Aberdeen,1,2024-03-02 14:59:17.824244
Dundee vs Kilmarnock,1,2024-03-02 14:59:19.118189
Hibernian vs Ross County,1,2024-03-02 14:59:19.118689
Rangers vs Motherwell,1,2024-03-02 14:59:19.118689
St. Johnstone vs Livingston,1,2024-03-02 14:59:19.119189
St. Mirren vs Aberdeen,1,2024-03-02 14:59:19.119189
Dundee vs Kilmarnock,1,2024-03-02 14:59:20.415440
Hibernian vs Ross County,1,2024-03-02 14:59:20.415440
Rangers vs Motherwell,1,2024-03-02 14:59:20.415942
St. Johnstone vs Livingston,1,2024-03-02 14:59:20.416441
St. Mirren vs Aberdeen,1,2024-03-02 14:59:20.416441
Dundee vs Kilmarnock,1,2024-03-02 14:59:21.720440
Hibernian vs Ross County,1,2024-03-02 14:59:21.720941
Rangers vs Motherwell,1,2024-03-02 14:59:21.720941
St. Johnstone vs Livingston,1,2024-03-02 14:59:21.720941
St. Mirren vs Aberdeen,1,2024-03-02 14:59:21.721441
Dundee vs Kilmarnock,1,2024-03-02 14:59:23.033728
Hibernian vs Ross County,1,2024-03-02 14:59:23.033728
Rangers vs Motherwell,1,2024-03-02 14:59:23.034231
St. Johnstone vs Livingston,1,2024-03-02 14:59:23.034231
St. Mirren vs Aberdeen,1,2024-03-02 14:59:23.034731
Dundee vs Kilmarnock,1,2024-03-02 14:59:24.349132
Hibernian vs Ross County,1,2024-03-02 14:59:24.349633
Rangers vs Motherwell,1,2024-03-02 14:59:24.349633
St. Johnstone vs Livingston,1,2024-03-02 14:59:24.350134
St. Mirren vs Aberdeen,1,2024-03-02 14:59:24.350134
Dundee vs Kilmarnock,1,2024-03-02 14:59:25.650910
Hibernian vs Ross County,1,2024-03-02 14:59:25.651409
Rangers vs Motherwell,1,2024-03-02 14:59:25.651409
St. Johnstone vs Livingston,1,2024-03-02 14:59:25.651910
St. Mirren vs Aberdeen,1,2024-03-02 14:59:25.651910
Dundee vs Kilmarnock,1,2024-03-02 14:59:26.952935
Hibernian vs Ross County,1,2024-03-02 14:59:26.953435
Rangers vs Motherwell,1,2024-03-02 14:59:26.953435
St. Johnstone vs Livingston,1,2024-03-02 14:59:26.953935
St. Mirren vs Aberdeen,1,2024-03-02 14:59:26.953935
Dundee vs Kilmarnock,1,2024-03-02 14:59:28.267280
Hibernian vs Ross County,1,2024-03-02 14:59:28.267780
Rangers vs Motherwell,1,2024-03-02 14:59:28.267780
St. Johnstone vs Livingston,1,2024-03-02 14:59:28.267780
St. Mirren vs Aberdeen,1,2024-03-02 14:59:28.268280
Dundee vs Kilmarnock,1,2024-03-02 14:59:29.573878
Hibernian vs Ross County,1,2024-03-02 14:59:29.573878
Rangers vs Motherwell,1,2024-03-02 14:59:29.574377
St. Johnstone vs Livingston,1,2024-03-02 14:59:29.574377
St. Mirren vs Aberdeen,1,2024-03-02 14:59:29.574377
Dundee vs Kilmarnock,1,2024-03-02 14:59:30.867922
Hibernian vs Ross County,1,2024-03-02 14:59:30.868422
Rangers vs Motherwell,1,2024-03-02 14:59:30.868422
St. Johnstone vs Livingston,1,2024-03-02 14:59:30.868926
St. Mirren vs Aberdeen,1,2024-03-02 14:59:30.868926
Dundee vs Kilmarnock,1,2024-03-02 14:59:32.156863
Hibernian vs Ross County,1,2024-03-02 14:59:32.157365
Rangers vs Motherwell,1,2024-03-02 14:59:32.157365
St. Johnstone vs Livingston,1,2024-03-02 14:59:32.157365
St. Mirren vs Aberdeen,1,2024-03-02 14:59:32.157866
Dundee vs Kilmarnock,1,2024-03-02 14:59:33.481941
Hibernian vs Ross County,1,2024-03-02 14:59:33.482442
Rangers vs Motherwell,1,2024-03-02 14:59:33.482442
St. Johnstone vs Livingston,1,2024-03-02 14:59:33.482942
St. Mirren vs Aberdeen,1,2024-03-02 14:59:33.482942
Dundee vs Kilmarnock,1,2024-03-02 14:59:34.779762
Hibernian vs Ross County,1,2024-03-02 14:59:34.780266
Rangers vs Motherwell,1,2024-03-02 14:59:34.780763
St. Johnstone vs Livingston,1,2024-03-02 14:59:34.780763
St. Mirren vs Aberdeen,1,2024-03-02 14:59:34.780763
Dundee vs Kilmarnock,1,2024-03-02 14:59:36.079686
Hibernian vs Ross County,1,2024-03-02 14:59:36.079686
Rangers vs Motherwell,1,2024-03-02 14:59:36.080185
St. Johnstone vs Livingston,1,2024-03-02 14:59:36.080185
St. Mirren vs Aberdeen,1,2024-03-02 14:59:36.080686
Dundee vs Kilmarnock,1,2024-03-02 14:59:37.396875
Hibernian vs Ross County,1,2024-03-02 14:59:37.396875
Rangers vs Motherwell,1,2024-03-02 14:59:37.397379
St. Johnstone vs Livingston,1,2024-03-02 14:59:37.397379
St. Mirren vs Aberdeen,1,2024-03-02 14:59:37.397874
Dundee vs Kilmarnock,1,2024-03-02 14:59:38.706977
Hibernian vs Ross County,1,2024-03-02 14:59:38.706977
Rangers vs Motherwell,1,2024-03-02 14:59:38.707480
St. Johnstone vs Livingston,1,2024-03-02 14:59:38.707480
St. Mirren vs Aberdeen,1,2024-03-02 14:59:38.707480
Dundee vs Kilmarnock,1,2024-03-02 14:59:40.011950
Hibernian vs Ross County,1,2024-03-02 14:59:40.012450
Rangers vs Motherwell,1,2024-03-02 14:59:40.012450
St. Johnstone vs Livingston,1,2024-03-02 14:59:40.012952
St. Mirren vs Aberdeen,1,2024-03-02 14:59:40.012952
Dundee vs Kilmarnock,1,2024-03-02 14:59:41.329461
Hibernian vs Ross County,1,2024-03-02 14:59:41.329960
Rangers vs Motherwell,1,2024-03-02 14:59:41.329960
St. Johnstone vs Livingston,1,2024-03-02 14:59:41.330459
St. Mirren vs Aberdeen,1,2024-03-02 14:59:41.330459
Dundee vs Kilmarnock,1,2024-03-02 14:59:42.634414
Hibernian vs Ross County,1,2024-03-02 14:59:42.634914
Rangers vs Motherwell,1,2024-03-02 14:59:42.634914
St. Johnstone vs Livingston,1,2024-03-02 14:59:42.635415
St. Mirren vs Aberdeen,1,2024-03-02 14:59:42.635415
Dundee vs Kilmarnock,1,2024-03-02 14:59:43.946675
Hibernian vs Ross County,1,2024-03-02 14:59:43.946675
Rangers vs Motherwell,1,2024-03-02 14:59:43.947175
St. Johnstone vs Livingston,1,2024-03-02 14:59:43.947175
St. Mirren vs Aberdeen,1,2024-03-02 14:59:43.947175
Dundee vs Kilmarnock,1,2024-03-02 14:59:45.250969
Hibernian vs Ross County,1,2024-03-02 14:59:45.251469
Rangers vs Motherwell,1,2024-03-02 14:59:45.251469
St. Johnstone vs Livingston,1,2024-03-02 14:59:45.251971
St. Mirren vs Aberdeen,1,2024-03-02 14:59:45.251971
Dundee vs Kilmarnock,1,2024-03-02 14:59:46.549831
Hibernian vs Ross County,1,2024-03-02 14:59:46.549831
Rangers vs Motherwell,1,2024-03-02 14:59:46.550331
St. Johnstone vs Livingston,1,2024-03-02 14:59:46.550331
St. Mirren vs Aberdeen,1,2024-03-02 14:59:46.550834
Dundee vs Kilmarnock,1,2024-03-02 14:59:47.860300
Hibernian vs Ross County,1,2024-03-02 14:59:47.860300
Rangers vs Motherwell,1,2024-03-02 14:59:47.860802
St. Johnstone vs Livingston,1,2024-03-02 14:59:47.860802
St. Mirren vs Aberdeen,1,2024-03-02 14:59:47.861301
Dundee vs Kilmarnock,1,2024-03-02 14:59:49.183845
Hibernian vs Ross County,1,2024-03-02 14:59:49.183845
Rangers vs Motherwell,1,2024-03-02 14:59:49.184348
St. Johnstone vs Livingston,1,2024-03-02 14:59:49.184348
St. Mirren vs Aberdeen,1,2024-03-02 14:59:49.184348
Dundee vs Kilmarnock,1,2024-03-02 14:59:50.495053
Hibernian vs Ross County,1,2024-03-02 14:59:50.495555
Rangers vs Motherwell,1,2024-03-02 14:59:50.495555
St. Johnstone vs Livingston,1,2024-03-02 14:59:50.495555
St. Mirren vs Aberdeen,1,2024-03-02 14:59:50.496054
Dundee vs Kilmarnock,1,2024-03-02 14:59:51.822037
Hibernian vs Ross County,1,2024-03-02 14:59:51.822539
Rangers vs Motherwell,1,2024-03-02 14:59:51.822539
St. Johnstone vs Livingston,1,2024-03-02 14:59:51.823036
St. Mirren vs Aberdeen,1,2024-03-02 14:59:51.823536
Dundee vs Kilmarnock,1,2024-03-02 14:59:53.121444
Hibernian vs Ross County,1,2024-03-02 14:59:53.121944
Rangers vs Motherwell,1,2024-03-02 14:59:53.121944
St. Johnstone vs Livingston,1,2024-03-02 14:59:53.122448
St. Mirren vs Aberdeen,1,2024-03-02 14:59:53.122448
Dundee vs Kilmarnock,1,2024-03-02 14:59:54.417249
Hibernian vs Ross County,1,2024-03-02 14:59:54.417749
Rangers vs Motherwell,1,2024-03-02 14:59:54.417749
St. Johnstone vs Livingston,1,2024-03-02 14:59:54.418251
St. Mirren vs Aberdeen,1,2024-03-02 14:59:54.418251
Dundee vs Kilmarnock,1,2024-03-02 14:59:55.726285
Hibernian vs Ross County,1,2024-03-02 14:59:55.726785
Rangers vs Motherwell,1,2024-03-02 14:59:55.726785
St. Johnstone vs Livingston,1,2024-03-02 14:59:55.726785
St. Mirren vs Aberdeen,1,2024-03-02 14:59:55.727285
Dundee vs Kilmarnock,1,2024-03-02 14:59:57.036456
Hibernian vs Ross County,1,2024-03-02 14:59:57.036456
Rangers vs Motherwell,1,2024-03-02 14:59:57.036959
St. Johnstone vs Livingston,1,2024-03-02 14:59:57.036959
St. Mirren vs Aberdeen,1,2024-03-02 14:59:57.037457
Dundee vs Kilmarnock,1,2024-03-02 14:59:58.326785
Hibernian vs Ross County,1,2024-03-02 14:59:58.326785
Rangers vs Motherwell,1,2024-03-02 14:59:58.327285
St. Johnstone vs Livingston,1,2024-03-02 14:59:58.327285
St. Mirren vs Aberdeen,1,2024-03-02 14:59:58.327784
Dundee vs Kilmarnock,1,2024-03-02 14:59:59.721775
Hibernian vs Ross County,1,2024-03-02 14:59:59.721775
Rangers vs Motherwell,1,2024-03-02 14:59:59.721775
St. Johnstone vs Livingston,1,2024-03-02 14:59:59.722276
St. Mirren vs Aberdeen,1,2024-03-02 14:59:59.722276
Dundee vs Kilmarnock,1,2024-03-02 15:00:01.226665
Hibernian vs Ross County,1,2024-03-02 15:00:01.227165
Rangers vs Motherwell,1,2024-03-02 15:00:01.227165
St. Johnstone vs Livingston,1,2024-03-02 15:00:01.227665
St. Mirren vs Aberdeen,1,2024-03-02 15:00:01.227665
Dundee vs Kilmarnock,1,2024-03-02 15:00:02.665467
Hibernian vs Ross County,1,2024-03-02 15:00:02.665967
Rangers vs Motherwell,1,2024-03-02 15:00:02.665967
St. Johnstone vs Livingston,1,2024-03-02 15:00:02.666467
St. Mirren vs Aberdeen,1,2024-03-02 15:00:02.666467
Dundee vs Kilmarnock,1,2024-03-02 15:00:03.997983
Hibernian vs Ross County,1,2024-03-02 15:00:03.997983
Rangers vs Motherwell,1,2024-03-02 15:00:03.998486
St. Johnstone vs Livingston,1,2024-03-02 15:00:03.998486
St. Mirren vs Aberdeen,1,2024-03-02 15:00:03.998982
Dundee vs Kilmarnock,1,2024-03-02 15:00:05.324469
Hibernian vs Ross County,1,2024-03-02 15:00:05.324969
Rangers vs Motherwell,1,2024-03-02 15:00:05.324969
St. Johnstone vs Livingston,1,2024-03-02 15:00:05.325471
St. Mirren vs Aberdeen,1,2024-03-02 15:00:05.325471
Dundee vs Kilmarnock,1,2024-03-02 15:00:06.675950
Hibernian vs Ross County,1,2024-03-02 15:00:06.676453
Rangers vs Motherwell,1,2024-03-02 15:00:06.676453
St. Johnstone vs Livingston,1,2024-03-02 15:00:06.676952
St. Mirren vs Aberdeen,1,2024-03-02 15:00:06.676952
Dundee vs Kilmarnock,1,2024-03-02 15:00:08.055705
Hibernian vs Ross County,1,2024-03-02 15:00:08.055705
Rangers vs Motherwell,1,2024-03-02 15:00:08.056208
St. Johnstone vs Livingston,1,2024-03-02 15:00:08.056208
St. Mirren vs Aberdeen,1,2024-03-02 15:00:08.056208
Dundee vs Kilmarnock,1,2024-03-02 15:00:09.421643
Hibernian vs Ross County,1,2024-03-02 15:00:09.422144
Rangers vs Motherwell,1,2024-03-02 15:00:09.422643
St. Johnstone vs Livingston,1,2024-03-02 15:00:09.422643
St. Mirren vs Aberdeen,1,2024-03-02 15:00:09.422643
Dundee vs Kilmarnock,1,2024-03-02 15:00:10.764802
Hibernian vs Ross County,1,2024-03-02 15:00:10.765302
Rangers vs Motherwell,1,2024-03-02 15:00:10.765302
St. Johnstone vs Livingston,1,2024-03-02 15:00:10.765802
St. Mirren vs Aberdeen,1,2024-03-02 15:00:10.765802
Dundee vs Kilmarnock,1,2024-03-02 15:00:12.128836
Hibernian vs Ross County,1,2024-03-02 15:00:12.129336
Rangers vs Motherwell,1,2024-03-02 15:00:12.129336
St. Johnstone vs Livingston,1,2024-03-02 15:00:12.129336
St. Mirren vs Aberdeen,1,2024-03-02 15:00:12.129840
Dundee vs Kilmarnock,1,2024-03-02 15:00:13.458608
Hibernian vs Ross County,1,2024-03-02 15:00:13.459107
Rangers vs Motherwell,1,2024-03-02 15:00:13.459107
St. Johnstone vs Livingston,1,2024-03-02 15:00:13.459107
St. Mirren vs Aberdeen,1,2024-03-02 15:00:13.459608
Dundee vs Kilmarnock,1,2024-03-02 15:00:14.796909
Hibernian vs Ross County,1,2024-03-02 15:00:14.797409
Rangers vs Motherwell,1,2024-03-02 15:00:14.797409
St. Johnstone vs Livingston,1,2024-03-02 15:00:14.797409
St. Mirren vs Aberdeen,1,2024-03-02 15:00:14.797910
Dundee vs Kilmarnock,1,2024-03-02 15:00:16.184516
Hibernian vs Ross County,1,2024-03-02 15:00:16.184516
Rangers vs Motherwell,1,2024-03-02 15:00:16.185019
St. Johnstone vs Livingston,1,2024-03-02 15:00:16.185516
St. Mirren vs Aberdeen,1,2024-03-02 15:00:16.185516
Dundee vs Kilmarnock,1,2024-03-02 15:00:17.491377
Hibernian vs Ross County,1,2024-03-02 15:00:17.491876
Rangers vs Motherwell,1,2024-03-02 15:00:17.492379
St. Johnstone vs Livingston,1,2024-03-02 15:00:17.492379
St. Mirren vs Aberdeen,1,2024-03-02 15:00:17.492877
Dundee vs Kilmarnock,1,2024-03-02 15:00:18.815605
Hibernian vs Ross County,1,2024-03-02 15:00:18.815605
Rangers vs Motherwell,1,2024-03-02 15:00:18.816105
St. Johnstone vs Livingston,1,2024-03-02 15:00:18.816105
St. Mirren vs Aberdeen,1,2024-03-02 15:00:18.816105
Dundee vs Kilmarnock,1,2024-03-02 15:00:20.152695
Hibernian vs Ross County,1,2024-03-02 15:00:20.152695
Rangers vs Motherwell,1,2024-03-02 15:00:20.153196
St. Johnstone vs Livingston,1,2024-03-02 15:00:20.153196
St. Mirren vs Aberdeen,1,2024-03-02 15:00:20.153695
Dundee vs Kilmarnock,1,2024-03-02 15:00:21.520543
Hibernian vs Ross County,1,2024-03-02 15:00:21.520543
Rangers vs Motherwell,1,2024-03-02 15:00:21.521042
St. Johnstone vs Livingston,1,2024-03-02 15:00:21.521042
St. Mirren vs Aberdeen,1,2024-03-02 15:00:21.521543
Dundee vs Kilmarnock,1,2024-03-02 15:00:22.882817
Hibernian vs Ross County,1,2024-03-02 15:00:22.883317
Rangers vs Motherwell,1,2024-03-02 15:00:22.883317
St. Johnstone vs Livingston,1,2024-03-02 15:00:22.883817
St. Mirren vs Aberdeen,1,2024-03-02 15:00:22.883817
Dundee vs Kilmarnock,1,2024-03-02 15:00:24.219337
Hibernian vs Ross County,1,2024-03-02 15:00:24.219337
Rangers vs Motherwell,1,2024-03-02 15:00:24.219839
St. Johnstone vs Livingston,1,2024-03-02 15:00:24.219839
St. Mirren vs Aberdeen,1,2024-03-02 15:00:24.220338
Dundee vs Kilmarnock,1,2024-03-02 15:00:25.598226
Hibernian vs Ross County,1,2024-03-02 15:00:25.598726
Rangers vs Motherwell,1,2024-03-02 15:00:25.598726
St. Johnstone vs Livingston,1,2024-03-02 15:00:25.599226
St. Mirren vs Aberdeen,1,2024-03-02 15:00:25.599226
Dundee vs Kilmarnock,1,2024-03-02 15:00:26.950202
Hibernian vs Ross County,1,2024-03-02 15:00:26.950202
Rangers vs Motherwell,1,2024-03-02 15:00:26.950702
St. Johnstone vs Livingston,1,2024-03-02 15:00:26.950702
St. Mirren vs Aberdeen,1,2024-03-02 15:00:26.951202
Dundee vs Kilmarnock,1,2024-03-02 15:00:28.257195
Hibernian vs Ross County,1,2024-03-02 15:00:28.257696
Rangers vs Motherwell,1,2024-03-02 15:00:28.257696
St. Johnstone vs Livingston,1,2024-03-02 15:00:28.258196
St. Mirren vs Aberdeen,1,2024-03-02 15:00:28.258196
Dundee vs Kilmarnock,1,2024-03-02 15:00:29.596430
Hibernian vs Ross County,1,2024-03-02 15:00:29.596430
Rangers vs Motherwell,1,2024-03-02 15:00:29.596930
St. Johnstone vs Livingston,1,2024-03-02 15:00:29.596930
St. Mirren vs Aberdeen,1,2024-03-02 15:00:29.596930
Dundee vs Kilmarnock,1,2024-03-02 15:00:30.922433
Hibernian vs Ross County,1,2024-03-02 15:00:30.922433
Rangers vs Motherwell,1,2024-03-02 15:00:30.922934
St. Johnstone vs Livingston,1,2024-03-02 15:00:30.922934
St. Mirren vs Aberdeen,1,2024-03-02 15:00:30.923434
Dundee vs Kilmarnock,1,2024-03-02 15:00:32.266438
Hibernian vs Ross County,1,2024-03-02 15:00:32.266438
Rangers vs Motherwell,1,2024-03-02 15:00:32.266941
St. Johnstone vs Livingston,1,2024-03-02 15:00:32.266941
St. Mirren vs Aberdeen,1,2024-03-02 15:00:32.266941
Dundee vs Kilmarnock,1,2024-03-02 15:00:33.640116
Hibernian vs Ross County,1,2024-03-02 15:00:33.640116
Rangers vs Motherwell,1,2024-03-02 15:00:33.640614
St. Johnstone vs Livingston,1,2024-03-02 15:00:33.640614
St. Mirren vs Aberdeen,1,2024-03-02 15:00:33.640614
Dundee vs Kilmarnock,1,2024-03-02 15:00:35.027756
Hibernian vs Ross County,1,2024-03-02 15:00:35.028257
Rangers vs Motherwell,1,2024-03-02 15:00:35.028257
St. Johnstone vs Livingston,1,2024-03-02 15:00:35.028757
St. Mirren vs Aberdeen,1,2024-03-02 15:00:35.028757
Dundee vs Kilmarnock,1,2024-03-02 15:00:36.359099
Hibernian vs Ross County,1,2024-03-02 15:00:36.359099
Rangers vs Motherwell,1,2024-03-02 15:00:36.359602
St. Johnstone vs Livingston,1,2024-03-02 15:00:36.359602
St. Mirren vs Aberdeen,1,2024-03-02 15:00:36.359602
Dundee vs Kilmarnock,1,2024-03-02 15:00:37.702360
Hibernian vs Ross County,1,2024-03-02 15:00:37.702860
Rangers vs Motherwell,1,2024-03-02 15:00:37.702860
St. Johnstone vs Livingston,1,2024-03-02 15:00:37.703361
St. Mirren vs Aberdeen,1,2024-03-02 15:00:37.703361
Dundee vs Kilmarnock,1,2024-03-02 15:00:39.011543
Hibernian vs Ross County,1,2024-03-02 15:00:39.012045
Rangers vs Motherwell,1,2024-03-02 15:00:39.012045
St. Johnstone vs Livingston,1,2024-03-02 15:00:39.012545
St. Mirren vs Aberdeen,1,2024-03-02 15:00:39.012545
Dundee vs Kilmarnock,1,2024-03-02 15:00:40.317219
Hibernian vs Ross County,1,2024-03-02 15:00:40.317219
Rangers vs Motherwell,1,2024-03-02 15:00:40.317719
St. Johnstone vs Livingston,1,2024-03-02 15:00:40.317719
St. Mirren vs Aberdeen,1,2024-03-02 15:00:40.317719
Dundee vs Kilmarnock,1,2024-03-02 15:00:41.609255
Hibernian vs Ross County,1,2024-03-02 15:00:41.610759
Rangers vs Motherwell,1,2024-03-02 15:00:41.610759
St. Johnstone vs Livingston,1,2024-03-02 15:00:41.611256
St. Mirren vs Aberdeen,1,2024-03-02 15:00:41.611256
Dundee vs Kilmarnock,1,2024-03-02 15:00:42.931802
Hibernian vs Ross County,1,2024-03-02 15:00:42.932302
Rangers vs Motherwell,1,2024-03-02 15:00:42.932302
St. Johnstone vs Livingston,1,2024-03-02 15:00:42.932802
St. Mirren vs Aberdeen,1,2024-03-02 15:00:42.932802
Dundee vs Kilmarnock,1,2024-03-02 15:00:44.256663
Hibernian vs Ross County,1,2024-03-02 15:00:44.257163
Rangers vs Motherwell,1,2024-03-02 15:00:44.257163
St. Johnstone vs Livingston,1,2024-03-02 15:00:44.257665
St. Mirren vs Aberdeen,1,2024-03-02 15:00:44.257665
Dundee vs Kilmarnock,1,2024-03-02 15:00:45.577043
Hibernian vs Ross County,1,2024-03-02 15:00:45.577043
Rangers vs Motherwell,1,2024-03-02 15:00:45.577543
St. Johnstone vs Livingston,1,2024-03-02 15:00:45.577543
St. Mirren vs Aberdeen,1,2024-03-02 15:00:45.578044
Dundee vs Kilmarnock,1,2024-03-02 15:00:46.879127
Hibernian vs Ross County,1,2024-03-02 15:00:46.879629
Rangers vs Motherwell,1,2024-03-02 15:00:46.879629
St. Johnstone vs Livingston,1,2024-03-02 15:00:46.879629
St. Mirren vs Aberdeen,1,2024-03-02 15:00:46.880128
Dundee vs Kilmarnock,1,2024-03-02 15:00:48.232070
Hibernian vs Ross County,1,2024-03-02 15:00:48.232070
Rangers vs Motherwell,1,2024-03-02 15:00:48.232572
St. Johnstone vs Livingston,1,2024-03-02 15:00:48.232572
St. Mirren vs Aberdeen,1,2024-03-02 15:00:48.233071
Dundee vs Kilmarnock,1,2024-03-02 15:00:49.562728
Hibernian vs Ross County,1,2024-03-02 15:00:49.563231
Rangers vs Motherwell,1,2024-03-02 15:00:49.563231
St. Johnstone vs Livingston,1,2024-03-02 15:00:49.563730
St. Mirren vs Aberdeen,1,2024-03-02 15:00:49.563730
Dundee vs Kilmarnock,1,2024-03-02 15:00:50.881448
Hibernian vs Ross County,1,2024-03-02 15:00:50.881448
Rangers vs Motherwell,1,2024-03-02 15:00:50.881950
St. Johnstone vs Livingston,1,2024-03-02 15:00:50.881950
St. Mirren vs Aberdeen,1,2024-03-02 15:00:50.881950
Dundee vs Kilmarnock,1,2024-03-02 15:00:52.187001
Hibernian vs Ross County,1,2024-03-02 15:00:52.187503
Rangers vs Motherwell,1,2024-03-02 15:00:52.187503
St. Johnstone vs Livingston,1,2024-03-02 15:00:52.188001
St. Mirren vs Aberdeen,1,2024-03-02 15:00:52.188001
Dundee vs Kilmarnock,1,2024-03-02 15:00:53.496230
Hibernian vs Ross County,1,2024-03-02 15:00:53.496230
Rangers vs Motherwell,1,2024-03-02 15:00:53.496230
St. Johnstone vs Livingston,1,2024-03-02 15:00:53.496731
St. Mirren vs Aberdeen,1,2024-03-02 15:00:53.496731
Dundee vs Kilmarnock,1,2024-03-02 15:00:54.814918
Hibernian vs Ross County,1,2024-03-02 15:00:54.814918
Rangers vs Motherwell,1,2024-03-02 15:00:54.815421
St. Johnstone vs Livingston,1,2024-03-02 15:00:54.815421
St. Mirren vs Aberdeen,1,2024-03-02 15:00:54.815920
Dundee vs Kilmarnock,1,2024-03-02 15:00:56.137753
Hibernian vs Ross County,1,2024-03-02 15:00:56.138255
Rangers vs Motherwell,1,2024-03-02 15:00:56.138255
St. Johnstone vs Livingston,1,2024-03-02 15:00:56.138754
St. Mirren vs Aberdeen,1,2024-03-02 15:00:56.138754
Dundee vs Kilmarnock,1,2024-03-02 15:00:57.490463
Hibernian vs Ross County,1,2024-03-02 15:00:57.490463
Rangers vs Motherwell,1,2024-03-02 15:00:57.490965
St. Johnstone vs Livingston,1,2024-03-02 15:00:57.490965
St. Mirren vs Aberdeen,1,2024-03-02 15:00:57.490965
Dundee vs Kilmarnock,1,2024-03-02 15:00:58.806457
Hibernian vs Ross County,1,2024-03-02 15:00:58.806457
Rangers vs Motherwell,1,2024-03-02 15:00:58.806958
St. Johnstone vs Livingston,1,2024-03-02 15:00:58.806958
St. Mirren vs Aberdeen,1,2024-03-02 15:00:58.806958
Dundee vs Kilmarnock,1,2024-03-02 15:01:00.127427
Hibernian vs Ross County,1,2024-03-02 15:01:00.127928
Rangers vs Motherwell,1,2024-03-02 15:01:00.127928
St. Johnstone vs Livingston,1,2024-03-02 15:01:00.127928
St. Mirren vs Aberdeen,1,2024-03-02 15:01:00.128427
Dundee vs Kilmarnock,1,2024-03-02 15:01:01.456406
Hibernian vs Ross County,1,2024-03-02 15:01:01.456906
Rangers vs Motherwell,1,2024-03-02 15:01:01.456906
St. Johnstone vs Livingston,1,2024-03-02 15:01:01.457407
St. Mirren vs Aberdeen,1,2024-03-02 15:01:01.457407
Dundee vs Kilmarnock,1,2024-03-02 15:01:02.805979
Hibernian vs Ross County,1,2024-03-02 15:01:02.805979
Rangers vs Motherwell,1,2024-03-02 15:01:02.806479
St. Johnstone vs Livingston,1,2024-03-02 15:01:02.806479
St. Mirren vs Aberdeen,1,2024-03-02 15:01:02.806981
Dundee vs Kilmarnock,1,2024-03-02 15:01:04.171891
Hibernian vs Ross County,1,2024-03-02 15:01:04.172391
Rangers vs Motherwell,1,2024-03-02 15:01:04.172391
St. Johnstone vs Livingston,1,2024-03-02 15:01:04.172391
St. Mirren vs Aberdeen,1,2024-03-02 15:01:04.172891
Dundee vs Kilmarnock,1,2024-03-02 15:01:05.520387
Hibernian vs Ross County,1,2024-03-02 15:01:05.520889
Rangers vs Motherwell,1,2024-03-02 15:01:05.520889
St. Johnstone vs Livingston,1,2024-03-02 15:01:05.521389
St. Mirren vs Aberdeen,1,2024-03-02 15:01:05.521389
Dundee vs Kilmarnock,1,2024-03-02 15:01:06.840233
Hibernian vs Ross County,1,2024-03-02 15:01:06.840733
Rangers vs Motherwell,1,2024-03-02 15:01:06.840733
St. Johnstone vs Livingston,1,2024-03-02 15:01:06.841233
St. Mirren vs Aberdeen,1,2024-03-02 15:01:06.841233
Dundee vs Kilmarnock,1,2024-03-02 15:01:08.221936
Hibernian vs Ross County,1,2024-03-02 15:01:08.221936
Rangers vs Motherwell,1,2024-03-02 15:01:08.222434
St. Johnstone vs Livingston,1,2024-03-02 15:01:08.222434
St. Mirren vs Aberdeen,1,2024-03-02 15:01:08.222935
Dundee vs Kilmarnock,1,2024-03-02 15:01:09.582367
Hibernian vs Ross County,1,2024-03-02 15:01:09.582367
Rangers vs Motherwell,1,2024-03-02 15:01:09.582867
St. Johnstone vs Livingston,1,2024-03-02 15:01:09.582867
St. Mirren vs Aberdeen,1,2024-03-02 15:01:09.582867
Dundee vs Kilmarnock,1,2024-03-02 15:01:10.945106
Hibernian vs Ross County,1,2024-03-02 15:01:10.945106
Rangers vs Motherwell,1,2024-03-02 15:01:10.945606
St. Johnstone vs Livingston,1,2024-03-02 15:01:10.945606
St. Mirren vs Aberdeen,1,2024-03-02 15:01:10.946107
Dundee vs Kilmarnock,1,2024-03-02 15:01:12.269069
Hibernian vs Ross County,1,2024-03-02 15:01:12.269569
Rangers vs Motherwell,1,2024-03-02 15:01:12.269569
St. Johnstone vs Livingston,1,2024-03-02 15:01:12.270069
St. Mirren vs Aberdeen,1,2024-03-02 15:01:12.270069
Dundee vs Kilmarnock,1,2024-03-02 15:01:13.590449
Hibernian vs Ross County,1,2024-03-02 15:01:13.590449
Rangers vs Motherwell,1,2024-03-02 15:01:13.590950
St. Johnstone vs Livingston,1,2024-03-02 15:01:13.590950
St. Mirren vs Aberdeen,1,2024-03-02 15:01:13.591451
Dundee vs Kilmarnock,1,2024-03-02 15:01:14.908065
Hibernian vs Ross County,1,2024-03-02 15:01:14.908065
Rangers vs Motherwell,1,2024-03-02 15:01:14.908566
St. Johnstone vs Livingston,1,2024-03-02 15:01:14.908566
St. Mirren vs Aberdeen,1,2024-03-02 15:01:14.909067
Dundee vs Kilmarnock,1,2024-03-02 15:01:16.242476
Hibernian vs Ross County,1,2024-03-02 15:01:16.242976
Rangers vs Motherwell,1,2024-03-02 15:01:16.242976
St. Johnstone vs Livingston,1,2024-03-02 15:01:16.243477
St. Mirren vs Aberdeen,1,2024-03-02 15:01:16.243477
Dundee vs Kilmarnock,1,2024-03-02 15:01:17.566053
Hibernian vs Ross County,1,2024-03-02 15:01:17.566554
Rangers vs Motherwell,1,2024-03-02 15:01:17.566554
St. Johnstone vs Livingston,1,2024-03-02 15:01:17.567054
St. Mirren vs Aberdeen,1,2024-03-02 15:01:17.567054
Dundee vs Kilmarnock,1,2024-03-02 15:01:18.896497
Hibernian vs Ross County,1,2024-03-02 15:01:18.897000
Rangers vs Motherwell,1,2024-03-02 15:01:18.897000
St. Johnstone vs Livingston,1,2024-03-02 15:01:18.897000
St. Mirren vs Aberdeen,1,2024-03-02 15:01:18.897500
Dundee vs Kilmarnock,1,2024-03-02 15:01:20.215616
Hibernian vs Ross County,1,2024-03-02 15:01:20.216117
Rangers vs Motherwell,1,2024-03-02 15:01:20.216117
St. Johnstone vs Livingston,1,2024-03-02 15:01:20.216117
St. Mirren vs Aberdeen,1,2024-03-02 15:01:20.216617
Dundee vs Kilmarnock,1,2024-03-02 15:01:21.572142
Hibernian vs Ross County,1,2024-03-02 15:01:21.572142
Rangers vs Motherwell,1,2024-03-02 15:01:21.572641
St. Johnstone vs Livingston,1,2024-03-02 15:01:21.572641
St. Mirren vs Aberdeen,1,2024-03-02 15:01:21.573141
Dundee vs Kilmarnock,1,2024-03-02 15:01:22.893416
Hibernian vs Ross County,1,2024-03-02 15:01:22.893918
Rangers vs Motherwell,1,2024-03-02 15:01:22.893918
St. Johnstone vs Livingston,1,2024-03-02 15:01:22.894419
St. Mirren vs Aberdeen,1,2024-03-02 15:01:22.894419
Dundee vs Kilmarnock,1,2024-03-02 15:01:24.251240
Hibernian vs Ross County,1,2024-03-02 15:01:24.251741
Rangers vs Motherwell,1,2024-03-02 15:01:24.251741
St. Johnstone vs Livingston,1,2024-03-02 15:01:24.252241
St. Mirren vs Aberdeen,1,2024-03-02 15:01:24.252241
Dundee vs Kilmarnock,1,2024-03-02 15:01:25.563268
Hibernian vs Ross County,1,2024-03-02 15:01:25.563268
Rangers vs Motherwell,1,2024-03-02 15:01:25.563268
St. Johnstone vs Livingston,1,2024-03-02 15:01:25.563768
St. Mirren vs Aberdeen,1,2024-03-02 15:01:25.563768
Dundee vs Kilmarnock,1,2024-03-02 15:01:27.010171
Hibernian vs Ross County,1,2024-03-02 15:01:27.010670
Rangers vs Motherwell,1,2024-03-02 15:01:27.010670
St. Johnstone vs Livingston,1,2024-03-02 15:01:27.011170
St. Mirren vs Aberdeen,1,2024-03-02 15:01:27.011170
Dundee vs Kilmarnock,1,2024-03-02 15:01:28.372474
Hibernian vs Ross County,1,2024-03-02 15:01:28.372474
Rangers vs Motherwell,1,2024-03-02 15:01:28.372976
St. Johnstone vs Livingston,1,2024-03-02 15:01:28.372976
St. Mirren vs Aberdeen,1,2024-03-02 15:01:28.373475
Dundee vs Kilmarnock,1,2024-03-02 15:01:29.695617
Hibernian vs Ross County,1,2024-03-02 15:01:29.696119
Rangers vs Motherwell,1,2024-03-02 15:01:29.696119
St. Johnstone vs Livingston,1,2024-03-02 15:01:29.696119
St. Mirren vs Aberdeen,1,2024-03-02 15:01:29.696622
Dundee vs Kilmarnock,1,2024-03-02 15:01:31.021085
Hibernian vs Ross County,1,2024-03-02 15:01:31.021587
Rangers vs Motherwell,1,2024-03-02 15:01:31.021587
St. Johnstone vs Livingston,1,2024-03-02 15:01:31.022086
St. Mirren vs Aberdeen,1,2024-03-02 15:01:31.022086
Dundee vs Kilmarnock,1,2024-03-02 15:01:32.356793
Hibernian vs Ross County,1,2024-03-02 15:01:32.357293
Rangers vs Motherwell,1,2024-03-02 15:01:32.357293
St. Johnstone vs Livingston,1,2024-03-02 15:01:32.357795
St. Mirren vs Aberdeen,1,2024-03-02 15:01:32.357795
Dundee vs Kilmarnock,1,2024-03-02 15:01:33.714463
Hibernian vs Ross County,1,2024-03-02 15:01:33.714964
Rangers vs Motherwell,1,2024-03-02 15:01:33.714964
St. Johnstone vs Livingston,1,2024-03-02 15:01:33.715468
St. Mirren vs Aberdeen,1,2024-03-02 15:01:33.715468
Dundee vs Kilmarnock,1,2024-03-02 15:01:35.038424
Hibernian vs Ross County,1,2024-03-02 15:01:35.038424
Rangers vs Motherwell,1,2024-03-02 15:01:35.038926
St. Johnstone vs Livingston,1,2024-03-02 15:01:35.038926
St. Mirren vs Aberdeen,1,2024-03-02 15:01:35.039424
Dundee vs Kilmarnock,1,2024-03-02 15:01:36.404239
Hibernian vs Ross County,1,2024-03-02 15:01:36.404741
Rangers vs Motherwell,1,2024-03-02 15:01:36.405241
St. Johnstone vs Livingston,1,2024-03-02 15:01:36.405241
St. Mirren vs Aberdeen,1,2024-03-02 15:01:36.405737
Dundee vs Kilmarnock,1,2024-03-02 15:01:37.784898
Hibernian vs Ross County,1,2024-03-02 15:01:37.784898
Rangers vs Motherwell,1,2024-03-02 15:01:37.785398
St. Johnstone vs Livingston,1,2024-03-02 15:01:37.785398
St. Mirren vs Aberdeen,1,2024-03-02 15:01:37.785898
Dundee vs Kilmarnock,1,2024-03-02 15:01:39.100002
Hibernian vs Ross County,1,2024-03-02 15:01:39.100002
Rangers vs Motherwell,1,2024-03-02 15:01:39.100502
St. Johnstone vs Livingston,1,2024-03-02 15:01:39.100502
St. Mirren vs Aberdeen,1,2024-03-02 15:01:39.100502
Dundee vs Kilmarnock,1,2024-03-02 15:01:40.422421
Hibernian vs Ross County,1,2024-03-02 15:01:40.422922
Rangers vs Motherwell,1,2024-03-02 15:01:40.422922
St. Johnstone vs Livingston,1,2024-03-02 15:01:40.423420
St. Mirren vs Aberdeen,1,2024-03-02 15:01:40.423420
Dundee vs Kilmarnock,1,2024-03-02 15:01:41.752893
Hibernian vs Ross County,1,2024-03-02 15:01:41.752893
Rangers vs Motherwell,1,2024-03-02 15:01:41.753394
St. Johnstone vs Livingston,1,2024-03-02 15:01:41.753394
St. Mirren vs Aberdeen,1,2024-03-02 15:01:41.753894
Dundee vs Kilmarnock,1,2024-03-02 15:01:43.081216
Hibernian vs Ross County,1,2024-03-02 15:01:43.081716
Rangers vs Motherwell,1,2024-03-02 15:01:43.081716
St. Johnstone vs Livingston,1,2024-03-02 15:01:43.082217
St. Mirren vs Aberdeen,1,2024-03-02 15:01:43.082217
Dundee vs Kilmarnock,1,2024-03-02 15:01:44.413135
Hibernian vs Ross County,1,2024-03-02 15:01:44.413635
Rangers vs Motherwell,1,2024-03-02 15:01:44.413635
St. Johnstone vs Livingston,1,2024-03-02 15:01:44.414135
St. Mirren vs Aberdeen,1,2024-03-02 15:01:44.414135
Dundee vs Kilmarnock,1,2024-03-02 15:01:45.714860
Hibernian vs Ross County,1,2024-03-02 15:01:45.714860
Rangers vs Motherwell,1,2024-03-02 15:01:45.715361
St. Johnstone vs Livingston,2,2024-03-02 15:01:45.715361
St. Mirren vs Aberdeen,1,2024-03-02 15:01:45.715361
Dundee vs Kilmarnock,1,2024-03-02 15:01:47.049431
Hibernian vs Ross County,1,2024-03-02 15:01:47.049931
Rangers vs Motherwell,1,2024-03-02 15:01:47.049931
St. Johnstone vs Livingston,2,2024-03-02 15:01:47.050432
St. Mirren vs Aberdeen,1,2024-03-02 15:01:47.050432
Dundee vs Kilmarnock,1,2024-03-02 15:01:48.372454
Hibernian vs Ross County,1,2024-03-02 15:01:48.372954
Rangers vs Motherwell,1,2024-03-02 15:01:48.372954
St. Johnstone vs Livingston,2,2024-03-02 15:01:48.373455
St. Mirren vs Aberdeen,1,2024-03-02 15:01:48.373455
Dundee vs Kilmarnock,1,2024-03-02 15:01:49.722195
Hibernian vs Ross County,1,2024-03-02 15:01:49.722195
Rangers vs Motherwell,1,2024-03-02 15:01:49.722698
St. Johnstone vs Livingston,2,2024-03-02 15:01:49.722698
St. Mirren vs Aberdeen,1,2024-03-02 15:01:49.723199
Dundee vs Kilmarnock,1,2024-03-02 15:01:51.039416
Hibernian vs Ross County,1,2024-03-02 15:01:51.039416
Rangers vs Motherwell,1,2024-03-02 15:01:51.039919
St. Johnstone vs Livingston,2,2024-03-02 15:01:51.039919
St. Mirren vs Aberdeen,1,2024-03-02 15:01:51.040417
Dundee vs Kilmarnock,1,2024-03-02 15:01:52.365316
Hibernian vs Ross County,1,2024-03-02 15:01:52.365816
Rangers vs Motherwell,1,2024-03-02 15:01:52.366317
St. Johnstone vs Livingston,2,2024-03-02 15:01:52.366317
St. Mirren vs Aberdeen,1,2024-03-02 15:01:52.366317
Dundee vs Kilmarnock,1,2024-03-02 15:01:53.739735
Hibernian vs Ross County,1,2024-03-02 15:01:53.739735
Rangers vs Motherwell,1,2024-03-02 15:01:53.740236
St. Johnstone vs Livingston,2,2024-03-02 15:01:53.740236
St. Mirren vs Aberdeen,1,2024-03-02 15:01:53.740236
Dundee vs Kilmarnock,1,2024-03-02 15:01:55.041990
Hibernian vs Ross County,1,2024-03-02 15:01:55.041990
Rangers vs Motherwell,1,2024-03-02 15:01:55.042487
St. Johnstone vs Livingston,2,2024-03-02 15:01:55.042487
St. Mirren vs Aberdeen,1,2024-03-02 15:01:55.042487
Dundee vs Kilmarnock,1,2024-03-02 15:01:56.408636
Hibernian vs Ross County,1,2024-03-02 15:01:56.408636
Rangers vs Motherwell,1,2024-03-02 15:01:56.409137
St. Johnstone vs Livingston,2,2024-03-02 15:01:56.409137
St. Mirren vs Aberdeen,1,2024-03-02 15:01:56.409638
Dundee vs Kilmarnock,1,2024-03-02 15:01:57.720559
Hibernian vs Ross County,1,2024-03-02 15:01:57.720559
Rangers vs Motherwell,1,2024-03-02 15:01:57.721059
St. Johnstone vs Livingston,2,2024-03-02 15:01:57.721059
St. Mirren vs Aberdeen,1,2024-03-02 15:01:57.721059
Dundee vs Kilmarnock,1,2024-03-02 15:01:59.079758
Hibernian vs Ross County,1,2024-03-02 15:01:59.080258
Rangers vs Motherwell,1,2024-03-02 15:01:59.080258
St. Johnstone vs Livingston,2,2024-03-02 15:01:59.080258
St. Mirren vs Aberdeen,1,2024-03-02 15:01:59.080758
Dundee vs Kilmarnock,2,2024-03-02 15:02:00.504422
Hibernian vs Ross County,2,2024-03-02 15:02:00.504923
Rangers vs Motherwell,1,2024-03-02 15:02:00.504923
St. Johnstone vs Livingston,2,2024-03-02 15:02:00.505422
St. Mirren vs Aberdeen,2,2024-03-02 15:02:00.505422
Dundee vs Kilmarnock,2,2024-03-02 15:02:01.838315
Hibernian vs Ross County,2,2024-03-02 15:02:01.838315
Rangers vs Motherwell,1,2024-03-02 15:02:01.838315
St. Johnstone vs Livingston,2,2024-03-02 15:02:01.838815
St. Mirren vs Aberdeen,2,2024-03-02 15:02:01.838815
Dundee vs Kilmarnock,2,2024-03-02 15:02:03.186544
Hibernian vs Ross County,2,2024-03-02 15:02:03.186544
Rangers vs Motherwell,2,2024-03-02 15:02:03.187046
St. Johnstone vs Livingston,2,2024-03-02 15:02:03.187046
St. Mirren vs Aberdeen,2,2024-03-02 15:02:03.187046
Dundee vs Kilmarnock,2,2024-03-02 15:02:04.532210
Hibernian vs Ross County,2,2024-03-02 15:02:04.532210
Rangers vs Motherwell,2,2024-03-02 15:02:04.532210
St. Johnstone vs Livingston,2,2024-03-02 15:02:04.532710
St. Mirren vs Aberdeen,2,2024-03-02 15:02:04.532710
Dundee vs Kilmarnock,2,2024-03-02 15:02:05.861154
Hibernian vs Ross County,2,2024-03-02 15:02:05.861654
Rangers vs Motherwell,2,2024-03-02 15:02:05.861654
St. Johnstone vs Livingston,2,2024-03-02 15:02:05.862154
St. Mirren vs Aberdeen,2,2024-03-02 15:02:05.862154
Dundee vs Kilmarnock,2,2024-03-02 15:02:07.178320
Hibernian vs Ross County,2,2024-03-02 15:02:07.178320
Rangers vs Motherwell,2,2024-03-02 15:02:07.178820
St. Johnstone vs Livingston,2,2024-03-02 15:02:07.178820
St. Mirren vs Aberdeen,2,2024-03-02 15:02:07.179321
Dundee vs Kilmarnock,2,2024-03-02 15:02:08.526482
Hibernian vs Ross County,2,2024-03-02 15:02:08.526982
Rangers vs Motherwell,2,2024-03-02 15:02:08.526982
St. Johnstone vs Livingston,2,2024-03-02 15:02:08.527483
St. Mirren vs Aberdeen,2,2024-03-02 15:02:08.527483
Dundee vs Kilmarnock,2,2024-03-02 15:02:09.828857
Hibernian vs Ross County,2,2024-03-02 15:02:09.829359
Rangers vs Motherwell,2,2024-03-02 15:02:09.829857
St. Johnstone vs Livingston,2,2024-03-02 15:02:09.829857
St. Mirren vs Aberdeen,2,2024-03-02 15:02:09.830361
Dundee vs Kilmarnock,2,2024-03-02 15:02:11.175697
Hibernian vs Ross County,2,2024-03-02 15:02:11.176197
Rangers vs Motherwell,2,2024-03-02 15:02:11.176197
St. Johnstone vs Livingston,2,2024-03-02 15:02:11.176698
St. Mirren vs Aberdeen,2,2024-03-02 15:02:11.176698
Dundee vs Kilmarnock,2,2024-03-02 15:02:12.514532
Hibernian vs Ross County,2,2024-03-02 15:02:12.515031
Rangers vs Motherwell,2,2024-03-02 15:02:12.515031
St. Johnstone vs Livingston,2,2024-03-02 15:02:12.515031
St. Mirren vs Aberdeen,2,2024-03-02 15:02:12.515533
Dundee vs Kilmarnock,2,2024-03-02 15:02:13.824242
Hibernian vs Ross County,2,2024-03-02 15:02:13.824743
Rangers vs Motherwell,2,2024-03-02 15:02:13.825243
St. Johnstone vs Livingston,2,2024-03-02 15:02:13.825243
St. Mirren vs Aberdeen,2,2024-03-02 15:02:13.825243
Dundee vs Kilmarnock,2,2024-03-02 15:02:15.152507
Hibernian vs Ross County,2,2024-03-02 15:02:15.153007
Rangers vs Motherwell,2,2024-03-02 15:02:15.153509
St. Johnstone vs Livingston,2,2024-03-02 15:02:15.153509
St. Mirren vs Aberdeen,2,2024-03-02 15:02:15.154010
Dundee vs Kilmarnock,2,2024-03-02 15:02:16.489918
Hibernian vs Ross County,2,2024-03-02 15:02:16.489918
Rangers vs Motherwell,2,2024-03-02 15:02:16.490420
St. Johnstone vs Livingston,2,2024-03-02 15:02:16.490420
St. Mirren vs Aberdeen,2,2024-03-02 15:02:16.490918
Dundee vs Kilmarnock,2,2024-03-02 15:02:17.814808
Hibernian vs Ross County,2,2024-03-02 15:02:17.814808
Rangers vs Motherwell,2,2024-03-02 15:02:17.815309
St. Johnstone vs Livingston,2,2024-03-02 15:02:17.815309
St. Mirren vs Aberdeen,2,2024-03-02 15:02:17.815812
Dundee vs Kilmarnock,2,2024-03-02 15:02:19.153385
Hibernian vs Ross County,2,2024-03-02 15:02:19.153886
Rangers vs Motherwell,2,2024-03-02 15:02:19.153886
St. Johnstone vs Livingston,2,2024-03-02 15:02:19.153886
St. Mirren vs Aberdeen,2,2024-03-02 15:02:19.154386
Dundee vs Kilmarnock,2,2024-03-02 15:02:20.494087
Hibernian vs Ross County,2,2024-03-02 15:02:20.494587
Rangers vs Motherwell,2,2024-03-02 15:02:20.494587
St. Johnstone vs Livingston,2,2024-03-02 15:02:20.495090
St. Mirren vs Aberdeen,2,2024-03-02 15:02:20.495090
Dundee vs Kilmarnock,2,2024-03-02 15:02:21.804789
Hibernian vs Ross County,2,2024-03-02 15:02:21.805292
Rangers vs Motherwell,2,2024-03-02 15:02:21.805292
St. Johnstone vs Livingston,2,2024-03-02 15:02:21.805292
St. Mirren vs Aberdeen,2,2024-03-02 15:02:21.805792
Dundee vs Kilmarnock,2,2024-03-02 15:02:23.122525
Hibernian vs Ross County,2,2024-03-02 15:02:23.123027
Rangers vs Motherwell,2,2024-03-02 15:02:23.123027
St. Johnstone vs Livingston,2,2024-03-02 15:02:23.123527
St. Mirren vs Aberdeen,2,2024-03-02 15:02:23.124028
Dundee vs Kilmarnock,2,2024-03-02 15:02:24.425309
Hibernian vs Ross County,2,2024-03-02 15:02:24.425309
Rangers vs Motherwell,2,2024-03-02 15:02:24.425812
St. Johnstone vs Livingston,2,2024-03-02 15:02:24.425812
St. Mirren vs Aberdeen,2,2024-03-02 15:02:24.426308
Dundee vs Kilmarnock,2,2024-03-02 15:02:25.742762
Hibernian vs Ross County,2,2024-03-02 15:02:25.743262
Rangers vs Motherwell,2,2024-03-02 15:02:25.743262
St. Johnstone vs Livingston,2,2024-03-02 15:02:25.743763
St. Mirren vs Aberdeen,2,2024-03-02 15:02:25.743763
Dundee vs Kilmarnock,2,2024-03-02 15:02:27.063259
Hibernian vs Ross County,2,2024-03-02 15:02:27.063759
Rangers vs Motherwell,2,2024-03-02 15:02:27.063759
St. Johnstone vs Livingston,2,2024-03-02 15:02:27.064260
St. Mirren vs Aberdeen,2,2024-03-02 15:02:27.064260
Dundee vs Kilmarnock,2,2024-03-02 15:02:28.613289
Hibernian vs Ross County,2,2024-03-02 15:02:28.613289
Rangers vs Motherwell,2,2024-03-02 15:02:28.613788
St. Johnstone vs Livingston,2,2024-03-02 15:02:28.613788
St. Mirren vs Aberdeen,2,2024-03-02 15:02:28.613788
Dundee vs Kilmarnock,2,2024-03-02 15:02:29.917931
Hibernian vs Ross County,2,2024-03-02 15:02:29.918431
Rangers vs Motherwell,2,2024-03-02 15:02:29.918431
St. Johnstone vs Livingston,2,2024-03-02 15:02:29.918931
St. Mirren vs Aberdeen,2,2024-03-02 15:02:29.918931
Dundee vs Kilmarnock,2,2024-03-02 15:02:31.226811
Hibernian vs Ross County,2,2024-03-02 15:02:31.226811
Rangers vs Motherwell,2,2024-03-02 15:02:31.227311
St. Johnstone vs Livingston,2,2024-03-02 15:02:31.227311
St. Mirren vs Aberdeen,2,2024-03-02 15:02:31.227812
Dundee vs Kilmarnock,2,2024-03-02 15:02:32.535337
Hibernian vs Ross County,2,2024-03-02 15:02:32.535838
Rangers vs Motherwell,2,2024-03-02 15:02:32.535838
St. Johnstone vs Livingston,2,2024-03-02 15:02:32.536339
St. Mirren vs Aberdeen,2,2024-03-02 15:02:32.536339
Dundee vs Kilmarnock,2,2024-03-02 15:02:33.848421
Hibernian vs Ross County,2,2024-03-02 15:02:33.848920
Rangers vs Motherwell,2,2024-03-02 15:02:33.848920
St. Johnstone vs Livingston,2,2024-03-02 15:02:33.849421
St. Mirren vs Aberdeen,2,2024-03-02 15:02:33.849421
Dundee vs Kilmarnock,2,2024-03-02 15:02:35.147640
Hibernian vs Ross County,2,2024-03-02 15:02:35.148144
Rangers vs Motherwell,2,2024-03-02 15:02:35.148144
St. Johnstone vs Livingston,2,2024-03-02 15:02:35.148641
St. Mirren vs Aberdeen,2,2024-03-02 15:02:35.148641
Dundee vs Kilmarnock,2,2024-03-02 15:02:36.471302
Hibernian vs Ross County,2,2024-03-02 15:02:36.471802
Rangers vs Motherwell,2,2024-03-02 15:02:36.471802
St. Johnstone vs Livingston,2,2024-03-02 15:02:36.472304
St. Mirren vs Aberdeen,2,2024-03-02 15:02:36.472304
Dundee vs Kilmarnock,2,2024-03-02 15:02:37.769366
Hibernian vs Ross County,2,2024-03-02 15:02:37.769366
Rangers vs Motherwell,2,2024-03-02 15:02:37.769867
St. Johnstone vs Livingston,2,2024-03-02 15:02:37.769867
St. Mirren vs Aberdeen,2,2024-03-02 15:02:37.769867
Dundee vs Kilmarnock,2,2024-03-02 15:02:39.164027
Hibernian vs Ross County,2,2024-03-02 15:02:39.164027
Rangers vs Motherwell,2,2024-03-02 15:02:39.164529
St. Johnstone vs Livingston,2,2024-03-02 15:02:39.164529
St. Mirren vs Aberdeen,2,2024-03-02 15:02:39.165028
Dundee vs Kilmarnock,2,2024-03-02 15:02:40.463905
Hibernian vs Ross County,2,2024-03-02 15:02:40.464407
Rangers vs Motherwell,2,2024-03-02 15:02:40.464407
St. Johnstone vs Livingston,2,2024-03-02 15:02:40.464906
St. Mirren vs Aberdeen,2,2024-03-02 15:02:40.464906
Dundee vs Kilmarnock,2,2024-03-02 15:02:41.779888
Hibernian vs Ross County,2,2024-03-02 15:02:41.779888
Rangers vs Motherwell,2,2024-03-02 15:02:41.780391
St. Johnstone vs Livingston,2,2024-03-02 15:02:41.780391
St. Mirren vs Aberdeen,2,2024-03-02 15:02:41.780888
Dundee vs Kilmarnock,2,2024-03-02 15:02:43.110498
Hibernian vs Ross County,2,2024-03-02 15:02:43.110498
Rangers vs Motherwell,2,2024-03-02 15:02:43.110999
St. Johnstone vs Livingston,2,2024-03-02 15:02:43.110999
St. Mirren vs Aberdeen,2,2024-03-02 15:02:43.111500
Dundee vs Kilmarnock,2,2024-03-02 15:02:44.448762
Hibernian vs Ross County,2,2024-03-02 15:02:44.449262
Rangers vs Motherwell,2,2024-03-02 15:02:44.449262
St. Johnstone vs Livingston,2,2024-03-02 15:02:44.449262
St. Mirren vs Aberdeen,2,2024-03-02 15:02:44.449763
Dundee vs Kilmarnock,2,2024-03-02 15:02:45.772075
Hibernian vs Ross County,2,2024-03-02 15:02:45.772075
Rangers vs Motherwell,2,2024-03-02 15:02:45.772575
St. Johnstone vs Livingston,2,2024-03-02 15:02:45.772575
St. Mirren vs Aberdeen,2,2024-03-02 15:02:45.773076
Dundee vs Kilmarnock,2,2024-03-02 15:02:47.094609
Hibernian vs Ross County,2,2024-03-02 15:02:47.094609
Rangers vs Motherwell,2,2024-03-02 15:02:47.095110
St. Johnstone vs Livingston,2,2024-03-02 15:02:47.095610
St. Mirren vs Aberdeen,2,2024-03-02 15:02:47.095610
Dundee vs Kilmarnock,2,2024-03-02 15:02:48.396909
Hibernian vs Ross County,2,2024-03-02 15:02:48.397409
Rangers vs Motherwell,2,2024-03-02 15:02:48.397409
St. Johnstone vs Livingston,2,2024-03-02 15:02:48.397910
St. Mirren vs Aberdeen,2,2024-03-02 15:02:48.397910
Dundee vs Kilmarnock,2,2024-03-02 15:02:49.700411
Hibernian vs Ross County,2,2024-03-02 15:02:49.700913
Rangers vs Motherwell,2,2024-03-02 15:02:49.700913
St. Johnstone vs Livingston,2,2024-03-02 15:02:49.700913
St. Mirren vs Aberdeen,2,2024-03-02 15:02:49.701420
Dundee vs Kilmarnock,2,2024-03-02 15:02:51.001090
Hibernian vs Ross County,2,2024-03-02 15:02:51.001090
Rangers vs Motherwell,2,2024-03-02 15:02:51.001593
St. Johnstone vs Livingston,2,2024-03-02 15:02:51.001593
St. Mirren vs Aberdeen,2,2024-03-02 15:02:51.002093
Dundee vs Kilmarnock,2,2024-03-02 15:02:52.296194
Hibernian vs Ross County,2,2024-03-02 15:02:52.296194
Rangers vs Motherwell,2,2024-03-02 15:02:52.296694
St. Johnstone vs Livingston,2,2024-03-02 15:02:52.296694
St. Mirren vs Aberdeen,2,2024-03-02 15:02:52.297196
Dundee vs Kilmarnock,2,2024-03-02 15:02:53.645427
Hibernian vs Ross County,2,2024-03-02 15:02:53.645427
Rangers vs Motherwell,2,2024-03-02 15:02:53.645929
St. Johnstone vs Livingston,2,2024-03-02 15:02:53.645929
St. Mirren vs Aberdeen,2,2024-03-02 15:02:53.645929
Dundee vs Kilmarnock,2,2024-03-02 15:02:54.952492
Hibernian vs Ross County,2,2024-03-02 15:02:54.952492
Rangers vs Motherwell,2,2024-03-02 15:02:54.952994
St. Johnstone vs Livingston,2,2024-03-02 15:02:54.952994
St. Mirren vs Aberdeen,2,2024-03-02 15:02:54.953493
Dundee vs Kilmarnock,2,2024-03-02 15:02:56.276345
Hibernian vs Ross County,2,2024-03-02 15:02:56.276345
Rangers vs Motherwell,2,2024-03-02 15:02:56.276846
St. Johnstone vs Livingston,2,2024-03-02 15:02:56.276846
St. Mirren vs Aberdeen,2,2024-03-02 15:02:56.277347
Dundee vs Kilmarnock,2,2024-03-02 15:02:57.594488
Hibernian vs Ross County,2,2024-03-02 15:02:57.594488
Rangers vs Motherwell,2,2024-03-02 15:02:57.594989
St. Johnstone vs Livingston,2,2024-03-02 15:02:57.594989
St. Mirren vs Aberdeen,2,2024-03-02 15:02:57.595489
Dundee vs Kilmarnock,2,2024-03-02 15:02:58.905664
Hibernian vs Ross County,2,2024-03-02 15:02:58.906164
Rangers vs Motherwell,2,2024-03-02 15:02:58.906164
St. Johnstone vs Livingston,2,2024-03-02 15:02:58.906665
St. Mirren vs Aberdeen,2,2024-03-02 15:02:58.906665
Dundee vs Kilmarnock,2,2024-03-02 15:03:00.224291
Hibernian vs Ross County,2,2024-03-02 15:03:00.224291
Rangers vs Motherwell,2,2024-03-02 15:03:00.224791
St. Johnstone vs Livingston,2,2024-03-02 15:03:00.224791
St. Mirren vs Aberdeen,2,2024-03-02 15:03:00.224791
Dundee vs Kilmarnock,2,2024-03-02 15:03:01.610230
Hibernian vs Ross County,2,2024-03-02 15:03:01.610230
Rangers vs Motherwell,2,2024-03-02 15:03:01.610732
St. Johnstone vs Livingston,2,2024-03-02 15:03:01.610732
St. Mirren vs Aberdeen,2,2024-03-02 15:03:01.610732
Dundee vs Kilmarnock,2,2024-03-02 15:03:02.934823
Hibernian vs Ross County,2,2024-03-02 15:03:02.934823
Rangers vs Motherwell,2,2024-03-02 15:03:02.935323
St. Johnstone vs Livingston,2,2024-03-02 15:03:02.935323
St. Mirren vs Aberdeen,2,2024-03-02 15:03:02.935323
Dundee vs Kilmarnock,2,2024-03-02 15:03:04.242430
Hibernian vs Ross County,2,2024-03-02 15:03:04.242430
Rangers vs Motherwell,2,2024-03-02 15:03:04.242430
St. Johnstone vs Livingston,2,2024-03-02 15:03:04.242931
St. Mirren vs Aberdeen,2,2024-03-02 15:03:04.242931
Dundee vs Kilmarnock,2,2024-03-02 15:03:05.593338
Hibernian vs Ross County,2,2024-03-02 15:03:05.593338
Rangers vs Motherwell,2,2024-03-02 15:03:05.593838
St. Johnstone vs Livingston,2,2024-03-02 15:03:05.593838
St. Mirren vs Aberdeen,2,2024-03-02 15:03:05.593838
Dundee vs Kilmarnock,2,2024-03-02 15:03:06.936751
Hibernian vs Ross County,2,2024-03-02 15:03:06.936751
Rangers vs Motherwell,2,2024-03-02 15:03:06.937254
St. Johnstone vs Livingston,2,2024-03-02 15:03:06.937254
St. Mirren vs Aberdeen,2,2024-03-02 15:03:06.937752
Dundee vs Kilmarnock,2,2024-03-02 15:03:08.263897
Hibernian vs Ross County,2,2024-03-02 15:03:08.264398
Rangers vs Motherwell,2,2024-03-02 15:03:08.264398
St. Johnstone vs Livingston,2,2024-03-02 15:03:08.264898
St. Mirren vs Aberdeen,2,2024-03-02 15:03:08.264898
Dundee vs Kilmarnock,2,2024-03-02 15:03:09.580060
Hibernian vs Ross County,2,2024-03-02 15:03:09.580060
Rangers vs Motherwell,2,2024-03-02 15:03:09.580560
St. Johnstone vs Livingston,2,2024-03-02 15:03:09.580560
St. Mirren vs Aberdeen,2,2024-03-02 15:03:09.580560
Dundee vs Kilmarnock,2,2024-03-02 15:03:10.898620
Hibernian vs Ross County,2,2024-03-02 15:03:10.898620
Rangers vs Motherwell,2,2024-03-02 15:03:10.899119
St. Johnstone vs Livingston,2,2024-03-02 15:03:10.899119
St. Mirren vs Aberdeen,2,2024-03-02 15:03:10.899619
Dundee vs Kilmarnock,2,2024-03-02 15:03:12.220514
Hibernian vs Ross County,2,2024-03-02 15:03:12.221014
Rangers vs Motherwell,2,2024-03-02 15:03:12.221514
St. Johnstone vs Livingston,2,2024-03-02 15:03:12.221514
St. Mirren vs Aberdeen,2,2024-03-02 15:03:12.221514
Dundee vs Kilmarnock,2,2024-03-02 15:03:13.531423
Hibernian vs Ross County,2,2024-03-02 15:03:13.531924
Rangers vs Motherwell,2,2024-03-02 15:03:13.531924
St. Johnstone vs Livingston,2,2024-03-02 15:03:13.532423
St. Mirren vs Aberdeen,2,2024-03-02 15:03:13.532423
Dundee vs Kilmarnock,2,2024-03-02 15:03:14.879162
Hibernian vs Ross County,2,2024-03-02 15:03:14.879662
Rangers vs Motherwell,2,2024-03-02 15:03:14.879662
St. Johnstone vs Livingston,2,2024-03-02 15:03:14.880164
St. Mirren vs Aberdeen,2,2024-03-02 15:03:14.880164
Dundee vs Kilmarnock,2,2024-03-02 15:03:16.195679
Hibernian vs Ross County,2,2024-03-02 15:03:16.196179
Rangers vs Motherwell,2,2024-03-02 15:03:16.196179
St. Johnstone vs Livingston,2,2024-03-02 15:03:16.196680
St. Mirren vs Aberdeen,2,2024-03-02 15:03:16.196680
Dundee vs Kilmarnock,2,2024-03-02 15:03:17.496877
Hibernian vs Ross County,2,2024-03-02 15:03:17.496877
Rangers vs Motherwell,2,2024-03-02 15:03:17.497377
St. Johnstone vs Livingston,2,2024-03-02 15:03:17.497377
St. Mirren vs Aberdeen,2,2024-03-02 15:03:17.497878
Dundee vs Kilmarnock,2,2024-03-02 15:03:18.814292
Hibernian vs Ross County,2,2024-03-02 15:03:18.814795
Rangers vs Motherwell,2,2024-03-02 15:03:18.814795
St. Johnstone vs Livingston,2,2024-03-02 15:03:18.814795
St. Mirren vs Aberdeen,2,2024-03-02 15:03:18.815294
Dundee vs Kilmarnock,2,2024-03-02 15:03:20.131952
Hibernian vs Ross County,2,2024-03-02 15:03:20.131952
Rangers vs Motherwell,2,2024-03-02 15:03:20.132453
St. Johnstone vs Livingston,2,2024-03-02 15:03:20.132453
St. Mirren vs Aberdeen,2,2024-03-02 15:03:20.132953
Dundee vs Kilmarnock,2,2024-03-02 15:03:21.489281
Hibernian vs Ross County,2,2024-03-02 15:03:21.489281
Rangers vs Motherwell,2,2024-03-02 15:03:21.489780
St. Johnstone vs Livingston,2,2024-03-02 15:03:21.489780
St. Mirren vs Aberdeen,2,2024-03-02 15:03:21.490280
Dundee vs Kilmarnock,2,2024-03-02 15:03:22.829409
Hibernian vs Ross County,2,2024-03-02 15:03:22.829409
Rangers vs Motherwell,2,2024-03-02 15:03:22.829911
St. Johnstone vs Livingston,2,2024-03-02 15:03:22.829911
St. Mirren vs Aberdeen,2,2024-03-02 15:03:22.830411
Dundee vs Kilmarnock,2,2024-03-02 15:03:24.193565
Hibernian vs Ross County,2,2024-03-02 15:03:24.194064
Rangers vs Motherwell,2,2024-03-02 15:03:24.194064
St. Johnstone vs Livingston,2,2024-03-02 15:03:24.194566
St. Mirren vs Aberdeen,2,2024-03-02 15:03:24.194566
Dundee vs Kilmarnock,2,2024-03-02 15:03:25.531107
Hibernian vs Ross County,2,2024-03-02 15:03:25.531608
Rangers vs Motherwell,2,2024-03-02 15:03:25.531608
St. Johnstone vs Livingston,2,2024-03-02 15:03:25.532107
St. Mirren vs Aberdeen,2,2024-03-02 15:03:25.532607
Dundee vs Kilmarnock,2,2024-03-02 15:03:26.854616
Hibernian vs Ross County,2,2024-03-02 15:03:26.854616
Rangers vs Motherwell,2,2024-03-02 15:03:26.855118
St. Johnstone vs Livingston,2,2024-03-02 15:03:26.855118
St. Mirren vs Aberdeen,2,2024-03-02 15:03:26.855617
Dundee vs Kilmarnock,2,2024-03-02 15:03:28.244773
Hibernian vs Ross County,2,2024-03-02 15:03:28.244773
Rangers vs Motherwell,2,2024-03-02 15:03:28.245273
St. Johnstone vs Livingston,2,2024-03-02 15:03:28.245273
St. Mirren vs Aberdeen,2,2024-03-02 15:03:28.245273
Dundee vs Kilmarnock,2,2024-03-02 15:03:29.541183
Hibernian vs Ross County,2,2024-03-02 15:03:29.541683
Rangers vs Motherwell,2,2024-03-02 15:03:29.541683
St. Johnstone vs Livingston,2,2024-03-02 15:03:29.541683
St. Mirren vs Aberdeen,2,2024-03-02 15:03:29.542184
Dundee vs Kilmarnock,2,2024-03-02 15:03:30.847255
Hibernian vs Ross County,2,2024-03-02 15:03:30.847756
Rangers vs Motherwell,2,2024-03-02 15:03:30.847756
St. Johnstone vs Livingston,2,2024-03-02 15:03:30.847756
St. Mirren vs Aberdeen,2,2024-03-02 15:03:30.848257
Dundee vs Kilmarnock,2,2024-03-02 15:03:32.176678
Hibernian vs Ross County,2,2024-03-02 15:03:32.176678
Rangers vs Motherwell,2,2024-03-02 15:03:32.177179
St. Johnstone vs Livingston,2,2024-03-02 15:03:32.177179
St. Mirren vs Aberdeen,2,2024-03-02 15:03:32.177681
Dundee vs Kilmarnock,2,2024-03-02 15:03:33.487321
Hibernian vs Ross County,2,2024-03-02 15:03:33.487321
Rangers vs Motherwell,2,2024-03-02 15:03:33.487821
St. Johnstone vs Livingston,2,2024-03-02 15:03:33.487821
St. Mirren vs Aberdeen,2,2024-03-02 15:03:33.488323
Dundee vs Kilmarnock,2,2024-03-02 15:03:34.797256
Hibernian vs Ross County,2,2024-03-02 15:03:34.797256
Rangers vs Motherwell,2,2024-03-02 15:03:34.797759
St. Johnstone vs Livingston,2,2024-03-02 15:03:34.797759
St. Mirren vs Aberdeen,2,2024-03-02 15:03:34.798255
Dundee vs Kilmarnock,2,2024-03-02 15:03:36.155804
Hibernian vs Ross County,2,2024-03-02 15:03:36.156302
Rangers vs Motherwell,2,2024-03-02 15:03:36.156302
St. Johnstone vs Livingston,2,2024-03-02 15:03:36.156804
St. Mirren vs Aberdeen,2,2024-03-02 15:03:36.156804
Dundee vs Kilmarnock,2,2024-03-02 15:03:37.563641
Hibernian vs Ross County,2,2024-03-02 15:03:37.564142
Rangers vs Motherwell,2,2024-03-02 15:03:37.564142
St. Johnstone vs Livingston,2,2024-03-02 15:03:37.564142
St. Mirren vs Aberdeen,2,2024-03-02 15:03:37.564640
Dundee vs Kilmarnock,2,2024-03-02 15:03:38.890964
Hibernian vs Ross County,2,2024-03-02 15:03:38.891465
Rangers vs Motherwell,2,2024-03-02 15:03:38.891465
St. Johnstone vs Livingston,2,2024-03-02 15:03:38.891967
St. Mirren vs Aberdeen,2,2024-03-02 15:03:38.891967
Dundee vs Kilmarnock,2,2024-03-02 15:03:40.205322
Hibernian vs Ross County,2,2024-03-02 15:03:40.205322
Rangers vs Motherwell,2,2024-03-02 15:03:40.205823
St. Johnstone vs Livingston,2,2024-03-02 15:03:40.205823
St. Mirren vs Aberdeen,2,2024-03-02 15:03:40.205823
Dundee vs Kilmarnock,2,2024-03-02 15:03:41.509607
Hibernian vs Ross County,2,2024-03-02 15:03:41.510109
Rangers vs Motherwell,2,2024-03-02 15:03:41.510109
St. Johnstone vs Livingston,2,2024-03-02 15:03:41.510109
St. Mirren vs Aberdeen,2,2024-03-02 15:03:41.510609
Dundee vs Kilmarnock,2,2024-03-02 15:03:42.809271
Hibernian vs Ross County,2,2024-03-02 15:03:42.809771
Rangers vs Motherwell,2,2024-03-02 15:03:42.809771
St. Johnstone vs Livingston,2,2024-03-02 15:03:42.810271
St. Mirren vs Aberdeen,2,2024-03-02 15:03:42.810271
Dundee vs Kilmarnock,2,2024-03-02 15:03:44.113992
Hibernian vs Ross County,2,2024-03-02 15:03:44.114491
Rangers vs Motherwell,2,2024-03-02 15:03:44.114491
St. Johnstone vs Livingston,2,2024-03-02 15:03:44.114993
St. Mirren vs Aberdeen,2,2024-03-02 15:03:44.114993
Dundee vs Kilmarnock,2,2024-03-02 15:03:45.420747
Hibernian vs Ross County,2,2024-03-02 15:03:45.421250
Rangers vs Motherwell,2,2024-03-02 15:03:45.421250
St. Johnstone vs Livingston,2,2024-03-02 15:03:45.421747
St. Mirren vs Aberdeen,2,2024-03-02 15:03:45.421747
Dundee vs Kilmarnock,2,2024-03-02 15:03:46.710955
Hibernian vs Ross County,2,2024-03-02 15:03:46.710955
Rangers vs Motherwell,2,2024-03-02 15:03:46.711456
St. Johnstone vs Livingston,2,2024-03-02 15:03:46.711956
St. Mirren vs Aberdeen,2,2024-03-02 15:03:46.711956
Dundee vs Kilmarnock,2,2024-03-02 15:03:48.047150
Hibernian vs Ross County,2,2024-03-02 15:03:48.047650
Rangers vs Motherwell,2,2024-03-02 15:03:48.047650
St. Johnstone vs Livingston,2,2024-03-02 15:03:48.048154
St. Mirren vs Aberdeen,2,2024-03-02 15:03:48.048154
Dundee vs Kilmarnock,2,2024-03-02 15:03:49.394492
Hibernian vs Ross County,2,2024-03-02 15:03:49.394492
Rangers vs Motherwell,2,2024-03-02 15:03:49.394992
St. Johnstone vs Livingston,2,2024-03-02 15:03:49.394992
St. Mirren vs Aberdeen,2,2024-03-02 15:03:49.395490
Dundee vs Kilmarnock,2,2024-03-02 15:03:50.694114
Hibernian vs Ross County,2,2024-03-02 15:03:50.694114
Rangers vs Motherwell,2,2024-03-02 15:03:50.694615
St. Johnstone vs Livingston,2,2024-03-02 15:03:50.694615
St. Mirren vs Aberdeen,2,2024-03-02 15:03:50.694615
Dundee vs Kilmarnock,2,2024-03-02 15:03:51.995844
Hibernian vs Ross County,2,2024-03-02 15:03:51.996344
Rangers vs Motherwell,2,2024-03-02 15:03:51.996344
St. Johnstone vs Livingston,2,2024-03-02 15:03:51.996845
St. Mirren vs Aberdeen,2,2024-03-02 15:03:51.996845
Dundee vs Kilmarnock,2,2024-03-02 15:03:53.344997
Hibernian vs Ross County,2,2024-03-02 15:03:53.345496
Rangers vs Motherwell,2,2024-03-02 15:03:53.345496
St. Johnstone vs Livingston,2,2024-03-02 15:03:53.345995
St. Mirren vs Aberdeen,2,2024-03-02 15:03:53.345995
Dundee vs Kilmarnock,2,2024-03-02 15:03:54.646386
Hibernian vs Ross County,2,2024-03-02 15:03:54.646886
Rangers vs Motherwell,2,2024-03-02 15:03:54.646886
St. Johnstone vs Livingston,2,2024-03-02 15:03:54.646886
St. Mirren vs Aberdeen,2,2024-03-02 15:03:54.647386
Dundee vs Kilmarnock,2,2024-03-02 15:03:55.980071
Hibernian vs Ross County,2,2024-03-02 15:03:55.980571
Rangers vs Motherwell,2,2024-03-02 15:03:55.980571
St. Johnstone vs Livingston,2,2024-03-02 15:03:55.981073
St. Mirren vs Aberdeen,2,2024-03-02 15:03:55.981073
Dundee vs Kilmarnock,2,2024-03-02 15:03:57.360815
Hibernian vs Ross County,2,2024-03-02 15:03:57.361315
Rangers vs Motherwell,2,2024-03-02 15:03:57.361315
St. Johnstone vs Livingston,2,2024-03-02 15:03:57.361816
St. Mirren vs Aberdeen,2,2024-03-02 15:03:57.361816
Dundee vs Kilmarnock,2,2024-03-02 15:03:58.677439
Hibernian vs Ross County,2,2024-03-02 15:03:58.677940
Rangers vs Motherwell,2,2024-03-02 15:03:58.677940
St. Johnstone vs Livingston,2,2024-03-02 15:03:58.677940
St. Mirren vs Aberdeen,2,2024-03-02 15:03:58.678441
Dundee vs Kilmarnock,2,2024-03-02 15:04:00.020056
Hibernian vs Ross County,2,2024-03-02 15:04:00.020556
Rangers vs Motherwell,2,2024-03-02 15:04:00.021056
St. Johnstone vs Livingston,2,2024-03-02 15:04:00.021056
St. Mirren vs Aberdeen,2,2024-03-02 15:04:00.021556
Dundee vs Kilmarnock,2,2024-03-02 15:04:01.349061
Hibernian vs Ross County,2,2024-03-02 15:04:01.349563
Rangers vs Motherwell,2,2024-03-02 15:04:01.349563
St. Johnstone vs Livingston,2,2024-03-02 15:04:01.350062
St. Mirren vs Aberdeen,2,2024-03-02 15:04:01.350062
Dundee vs Kilmarnock,2,2024-03-02 15:04:02.659696
Hibernian vs Ross County,2,2024-03-02 15:04:02.660195
Rangers vs Motherwell,2,2024-03-02 15:04:02.660195
St. Johnstone vs Livingston,2,2024-03-02 15:04:02.660696
St. Mirren vs Aberdeen,2,2024-03-02 15:04:02.660696
